,timestamp,idx,product_idx,customer_idx,review_score,type,value
0,2017-01-21 06:58:32,order-0,157,24,0,buy,9.9
1,2017-01-21 06:58:33,order-1,157,24,0,buy,9.9
2,2017-01-21 06:58:34,order-2,157,24,0,buy,9.9
3,2017-01-21 06:58:35,order-3,172,24,0,buy,9.9
4,2017-01-21 06:58:36,order-4,157,24,0,buy,9.9
5,2017-01-21 06:58:37,order-5,157,24,0,buy,9.9
6,2017-01-23 13:31:27,order-6,157,24,0,buy,9.9
7,2017-01-23 13:31:28,order-7,157,24,0,buy,9.9
8,2017-01-23 13:31:29,order-8,157,24,0,buy,9.9
9,2017-01-23 13:31:30,order-9,157,24,0,buy,9.9
10,2017-01-23 13:31:31,order-10,157,24,0,buy,9.9
11,2017-01-30 21:44:50,order-11,189,7,0,buy,51.0
12,2017-01-30 21:44:51,order-12,189,7,0,buy,51.0
13,2017-01-30 21:44:52,order-13,189,7,0,buy,51.0
14,2017-01-30 21:44:53,order-14,189,7,0,buy,51.0
15,2017-01-30 21:44:54,order-15,189,7,0,buy,51.0
16,2017-01-30 21:44:55,order-16,189,7,0,buy,51.0
17,2017-01-30 21:44:56,order-17,189,7,0,buy,51.0
18,2017-01-30 21:44:57,order-18,189,7,0,buy,51.0
19,2017-01-30 21:44:58,order-19,189,7,0,buy,51.0
20,2017-01-30 21:44:59,order-20,189,7,0,buy,51.0
21,2017-01-30 21:45:00,order-21,189,7,0,buy,51.0
22,2017-01-30 21:45:01,order-22,189,7,0,buy,51.0
23,2017-01-30 21:45:02,order-23,189,7,0,buy,51.0
24,2017-01-30 21:45:03,order-24,189,7,0,buy,51.0
25,2017-01-30 21:45:04,order-25,189,7,0,buy,51.0
26,2017-01-31 12:16:04,review-183,157,24,1,rate,1.0
27,2017-01-31 12:16:07,review-184,172,24,1,rate,1.0
28,2017-01-31 12:17:42,review-151,157,24,1,rate,1.0
29,2017-02-05 18:47:45,order-26,186,90,0,buy,49.9
30,2017-02-05 18:47:46,order-27,171,90,0,buy,179.9
31,2017-02-16 17:14:42,review-217,189,7,5,rate,1.0
32,2017-02-25 01:06:26,review-272,186,90,3,rate,1.0
33,2017-02-25 01:06:27,review-273,171,90,3,rate,1.0
34,2017-04-18 09:46:41,order-28,77,33,0,buy,27.9
35,2017-05-02 11:01:51,review-85,77,33,5,rate,1.0
36,2017-05-09 14:33:44,order-29,73,65,0,buy,188.9
37,2017-05-09 14:33:45,order-30,73,65,0,buy,188.9
38,2017-05-09 14:33:46,order-31,73,65,0,buy,188.9
39,2017-05-09 14:33:47,order-32,73,65,0,buy,188.9
40,2017-05-09 14:41:11,order-33,73,65,0,buy,188.9
41,2017-05-09 14:41:12,order-34,73,65,0,buy,188.9
42,2017-05-09 14:41:13,order-35,73,65,0,buy,188.9
43,2017-05-09 14:41:14,order-36,73,65,0,buy,188.9
44,2017-05-10 14:04:16,order-37,78,36,0,buy,219.9
45,2017-05-10 14:04:17,order-38,78,36,0,buy,219.9
46,2017-05-11 14:39:54,order-39,178,26,0,buy,103.97
47,2017-05-15 23:30:04,order-40,264,5,0,buy,14.99
48,2017-05-18 11:00:53,order-41,59,70,0,buy,89.9
49,2017-05-18 11:00:54,order-42,57,70,0,buy,87.0
50,2017-05-18 20:51:07,order-43,120,80,0,buy,49.99
51,2017-05-18 20:51:08,order-44,119,80,0,buy,69.99
52,2017-05-21 16:19:59,order-45,244,26,0,buy,98.0
53,2017-05-21 16:20:00,order-46,244,26,0,buy,98.0
54,2017-05-24 18:52:18,review-118,178,26,4,rate,1.0
55,2017-05-26 18:57:06,review-65,73,65,5,rate,1.0
56,2017-05-26 18:57:37,review-164,73,65,5,rate,1.0
57,2017-05-29 00:05:03,review-53,264,5,5,rate,1.0
58,2017-05-29 16:33:33,review-110,78,36,5,rate,1.0
59,2017-05-29 17:23:12,review-206,244,26,5,rate,1.0
60,2017-05-31 21:42:12,review-145,59,70,5,rate,1.0
61,2017-05-31 21:42:13,review-146,57,70,5,rate,1.0
62,2017-06-03 23:27:25,review-124,120,80,4,rate,1.0
63,2017-06-03 23:27:26,review-125,119,80,4,rate,1.0
64,2017-06-08 10:49:43,order-47,74,21,0,buy,199.0
65,2017-06-08 10:49:44,order-48,74,21,0,buy,199.0
66,2017-06-08 10:49:45,order-49,74,21,0,buy,199.0
67,2017-06-08 10:49:46,order-50,74,21,0,buy,199.0
68,2017-06-09 14:24:58,order-51,118,80,0,buy,69.9
69,2017-06-09 14:24:59,order-52,117,80,0,buy,199.9
70,2017-06-15 14:26:02,order-53,54,73,0,buy,36.99
71,2017-06-15 14:26:03,order-54,53,73,0,buy,36.99
72,2017-06-15 14:26:04,order-55,52,73,0,buy,36.99
73,2017-06-15 14:26:05,order-56,51,73,0,buy,47.99
74,2017-06-15 14:38:03,order-57,50,73,0,buy,36.99
75,2017-06-15 14:38:04,order-58,60,73,0,buy,36.99
76,2017-06-15 14:38:05,order-59,63,73,0,buy,36.99
77,2017-06-18 22:56:49,order-60,258,5,0,buy,39.9
78,2017-06-22 13:35:22,order-61,179,26,0,buy,103.97
79,2017-06-23 10:38:24,order-62,190,62,0,buy,89.0
80,2017-06-23 23:22:06,review-31,118,80,5,rate,1.0
81,2017-06-23 23:22:07,review-32,117,80,5,rate,1.0
82,2017-06-26 11:38:30,review-205,74,21,5,rate,1.0
83,2017-06-26 20:53:56,review-159,258,5,5,rate,1.0
84,2017-06-27 19:29:14,review-323,54,73,5,rate,1.0
85,2017-06-27 19:29:15,review-324,53,73,5,rate,1.0
86,2017-06-27 19:29:16,review-325,52,73,5,rate,1.0
87,2017-06-27 19:29:17,review-326,51,73,5,rate,1.0
88,2017-06-27 19:29:44,review-142,50,73,5,rate,1.0
89,2017-06-27 19:29:44,review-171,54,73,5,rate,1.0
90,2017-06-27 19:29:45,review-143,60,73,5,rate,1.0
91,2017-06-27 19:29:45,review-172,53,73,5,rate,1.0
92,2017-06-27 19:29:46,review-144,63,73,5,rate,1.0
93,2017-06-27 19:29:46,review-173,52,73,5,rate,1.0
94,2017-06-27 19:29:47,review-174,51,73,5,rate,1.0
95,2017-07-01 04:22:22,order-63,105,22,0,buy,50.0
96,2017-07-01 04:22:23,order-64,105,22,0,buy,50.0
97,2017-07-01 04:22:24,order-65,105,22,0,buy,50.0
98,2017-07-01 04:22:25,order-66,105,22,0,buy,50.0
99,2017-07-07 19:48:05,review-166,190,62,5,rate,1.0
100,2017-07-12 06:48:12,order-67,2,75,0,buy,129.9
101,2017-07-13 23:39:03,review-75,105,22,5,rate,1.0
102,2017-07-14 00:08:38,order-68,294,64,0,buy,157.99
103,2017-07-14 00:08:39,order-69,294,64,0,buy,157.99
104,2017-07-14 22:38:38,review-69,179,26,5,rate,1.0
105,2017-07-16 18:19:26,order-70,198,1,0,buy,1.2
106,2017-07-16 18:19:27,order-71,196,1,0,buy,1.2
107,2017-07-16 18:19:28,order-72,196,1,0,buy,1.2
108,2017-07-16 18:19:29,order-73,196,1,0,buy,1.2
109,2017-07-16 18:19:30,order-74,196,1,0,buy,1.2
110,2017-07-16 18:19:31,order-75,196,1,0,buy,1.2
111,2017-07-16 18:19:32,order-76,196,1,0,buy,1.2
112,2017-07-16 18:19:33,order-77,196,1,0,buy,1.2
113,2017-07-16 18:19:34,order-78,196,1,0,buy,1.2
114,2017-07-16 18:19:35,order-79,196,1,0,buy,1.2
115,2017-07-16 18:19:36,order-80,196,1,0,buy,1.2
116,2017-07-16 18:19:37,order-81,198,1,0,buy,1.2
117,2017-07-16 18:19:38,order-82,198,1,0,buy,1.2
118,2017-07-16 18:19:39,order-83,198,1,0,buy,1.2
119,2017-07-16 18:19:40,order-84,198,1,0,buy,1.2
120,2017-07-16 18:19:41,order-85,198,1,0,buy,1.2
121,2017-07-16 18:19:42,order-86,198,1,0,buy,1.2
122,2017-07-16 18:19:43,order-87,198,1,0,buy,1.2
123,2017-07-16 18:19:44,order-88,198,1,0,buy,1.2
124,2017-07-16 18:19:45,order-89,198,1,0,buy,1.2
125,2017-07-16 18:19:46,order-90,192,1,0,buy,7.8
126,2017-07-18 23:10:59,order-91,116,5,0,buy,13.99
127,2017-07-19 10:01:09,review-123,2,75,5,rate,1.0
128,2017-07-20 15:25:15,order-92,78,36,0,buy,219.9
129,2017-07-20 15:25:16,order-93,78,36,0,buy,219.9
130,2017-07-20 15:25:17,order-94,78,36,0,buy,219.9
131,2017-07-20 15:25:18,order-95,78,36,0,buy,219.9
132,2017-07-21 10:49:32,order-96,291,64,0,buy,163.0
133,2017-07-24 12:52:57,review-291,116,5,5,rate,1.0
134,2017-07-24 22:11:51,order-97,256,5,0,buy,149.9
135,2017-07-26 11:46:35,order-98,205,62,0,buy,9.6
136,2017-07-26 11:46:36,order-99,213,62,0,buy,49.0
137,2017-07-26 11:46:37,order-100,205,62,0,buy,9.6
138,2017-07-26 11:46:38,order-101,205,62,0,buy,9.6
139,2017-07-26 11:46:39,order-102,205,62,0,buy,9.6
140,2017-07-26 11:46:40,order-103,205,62,0,buy,9.6
141,2017-07-26 11:46:41,order-104,205,62,0,buy,9.6
142,2017-07-30 14:19:08,review-62,198,1,1,rate,1.0
143,2017-07-30 14:19:09,review-63,196,1,1,rate,1.0
144,2017-07-30 14:19:28,review-64,192,1,1,rate,1.0
145,2017-07-31 00:09:39,review-136,294,64,2,rate,1.0
146,2017-08-02 01:22:25,review-86,256,5,5,rate,1.0
147,2017-08-03 23:38:39,review-71,291,64,2,rate,1.0
148,2017-08-04 10:14:33,review-83,205,62,5,rate,1.0
149,2017-08-04 10:14:34,review-84,213,62,5,rate,1.0
150,2017-08-05 08:59:44,order-105,246,5,0,buy,69.9
151,2017-08-05 14:55:20,order-106,268,78,0,buy,65.0
152,2017-08-05 14:55:20,order-107,128,78,0,buy,38.99
153,2017-08-05 14:55:21,order-108,254,78,0,buy,24.99
154,2017-08-07 14:14:23,order-109,200,76,0,buy,38.0
155,2017-08-07 14:14:23,order-110,64,76,0,buy,59.9
156,2017-08-07 14:29:46,order-111,270,25,0,buy,109.9
157,2017-08-09 13:06:34,review-185,78,36,5,rate,1.0
158,2017-08-11 03:39:11,review-7,246,5,5,rate,1.0
159,2017-08-13 00:43:37,review-342,128,78,5,rate,1.0
160,2017-08-13 00:43:38,review-343,254,78,5,rate,1.0
161,2017-08-16 13:57:46,review-225,270,25,5,rate,1.0
162,2017-08-19 10:34:41,review-130,200,76,5,rate,1.0
163,2017-08-19 10:34:41,review-266,64,76,5,rate,1.0
164,2017-08-19 10:35:03,review-60,200,76,5,rate,1.0
165,2017-08-22 10:14:08,order-112,108,76,0,buy,58.9
166,2017-08-22 10:14:09,order-113,107,76,0,buy,49.9
167,2017-08-23 09:22:35,order-114,3,3,0,buy,98.7
168,2017-08-23 09:22:36,order-115,3,3,0,buy,98.7
169,2017-08-23 09:22:37,order-116,3,3,0,buy,98.7
170,2017-08-23 09:22:38,order-117,3,3,0,buy,98.7
171,2017-08-23 09:22:39,order-118,3,3,0,buy,98.7
172,2017-08-23 09:22:40,order-119,3,3,0,buy,98.7
173,2017-08-23 09:22:41,order-120,3,3,0,buy,98.7
174,2017-08-23 09:22:42,order-121,3,3,0,buy,98.7
175,2017-08-23 09:22:43,order-122,3,3,0,buy,98.7
176,2017-08-23 09:22:44,order-123,3,3,0,buy,98.7
177,2017-08-23 09:22:45,order-124,3,3,0,buy,98.7
178,2017-08-23 09:22:46,order-125,3,3,0,buy,98.7
179,2017-08-23 09:22:47,order-126,3,3,0,buy,98.7
180,2017-08-23 09:22:48,order-127,3,3,0,buy,98.7
181,2017-08-23 09:22:49,order-128,3,3,0,buy,98.7
182,2017-08-23 09:22:50,order-129,3,3,0,buy,98.7
183,2017-08-23 09:22:51,order-130,3,3,0,buy,98.7
184,2017-08-23 09:22:52,order-131,3,3,0,buy,98.7
185,2017-08-23 09:22:53,order-132,3,3,0,buy,98.7
186,2017-08-23 09:22:54,order-133,3,3,0,buy,98.7
187,2017-08-23 14:34:53,order-134,74,21,0,buy,199.0
188,2017-08-23 14:34:54,order-135,74,21,0,buy,199.0
189,2017-08-23 14:34:55,order-136,74,21,0,buy,199.0
190,2017-08-23 14:34:56,order-137,74,21,0,buy,199.0
191,2017-08-24 22:39:15,order-138,191,98,0,buy,92.0
192,2017-08-24 22:39:16,order-139,259,98,0,buy,32.96
193,2017-08-25 08:58:53,order-140,21,33,0,buy,105.6
194,2017-08-26 01:53:39,review-22,268,78,4,rate,1.0
195,2017-08-26 01:53:39,review-282,128,78,4,rate,1.0
196,2017-08-26 01:53:40,review-283,254,78,4,rate,1.0
197,2017-08-30 00:56:44,review-222,259,98,5,rate,1.0
198,2017-08-30 00:56:44,review-37,191,98,5,rate,1.0
199,2017-08-30 00:57:06,review-42,259,98,5,rate,1.0
200,2017-08-30 09:54:00,order-141,281,84,0,buy,49.9
201,2017-08-31 11:12:39,review-79,108,76,5,rate,1.0
202,2017-08-31 11:12:40,review-80,107,76,5,rate,1.0
203,2017-09-04 13:17:18,review-286,74,21,5,rate,1.0
204,2017-09-05 22:14:53,order-142,262,5,0,buy,39.9
205,2017-09-12 10:31:43,order-143,73,34,0,buy,188.9
206,2017-09-12 10:31:44,order-144,73,34,0,buy,188.9
207,2017-09-12 10:31:45,order-145,73,34,0,buy,188.9
208,2017-09-12 10:31:46,order-146,73,34,0,buy,188.9
209,2017-09-12 10:31:47,order-147,73,34,0,buy,188.9
210,2017-09-12 10:31:48,order-148,73,34,0,buy,188.9
211,2017-09-12 10:31:49,order-149,73,34,0,buy,188.9
212,2017-09-12 10:31:50,order-150,73,34,0,buy,188.9
213,2017-09-12 10:31:51,order-151,73,34,0,buy,188.9
214,2017-09-12 10:31:52,order-152,73,34,0,buy,188.9
215,2017-09-13 01:39:45,review-8,262,5,5,rate,1.0
216,2017-09-15 11:06:08,review-61,21,33,5,rate,1.0
217,2017-09-18 18:53:16,order-153,48,9,0,buy,16.9
218,2017-09-18 18:53:17,order-154,23,9,0,buy,16.9
219,2017-09-18 18:53:18,order-155,11,9,0,buy,16.9
220,2017-09-18 18:53:19,order-156,11,9,0,buy,16.9
221,2017-09-19 01:02:45,order-157,22,54,0,buy,80.0
222,2017-09-19 14:01:52,review-147,281,84,4,rate,1.0
223,2017-09-20 11:21:15,order-158,247,89,0,buy,270.9
224,2017-09-20 11:21:16,order-159,247,89,0,buy,270.9
225,2017-09-21 11:07:40,order-160,280,84,0,buy,44.9
226,2017-09-21 11:07:41,order-161,280,84,0,buy,44.9
227,2017-09-21 11:07:42,order-162,8,84,0,buy,64.9
228,2017-09-22 04:18:08,review-192,22,54,5,rate,1.0
229,2017-09-26 01:34:15,review-104,48,9,2,rate,1.0
230,2017-09-26 01:34:16,review-105,23,9,2,rate,1.0
231,2017-09-26 01:34:17,review-106,11,9,2,rate,1.0
232,2017-09-27 17:59:27,order-163,4,76,0,buy,378.0
233,2017-09-27 23:58:12,review-264,73,34,1,rate,1.0
234,2017-09-29 15:24:53,order-164,125,55,0,buy,1680.0
235,2017-09-29 15:24:54,order-165,125,55,0,buy,1680.0
236,2017-09-29 15:24:55,order-166,125,55,0,buy,1680.0
237,2017-09-29 15:24:56,order-167,125,55,0,buy,1680.0
238,2017-09-29 15:24:57,order-168,125,55,0,buy,1680.0
239,2017-09-29 15:24:58,order-169,125,55,0,buy,1680.0
240,2017-09-29 15:24:59,order-170,125,55,0,buy,1680.0
241,2017-09-29 15:25:00,order-171,125,55,0,buy,1680.0
242,2017-10-02 15:49:24,order-172,234,37,0,buy,199.99
243,2017-10-02 15:49:25,order-173,235,37,0,buy,179.99
244,2017-10-02 15:49:26,order-174,235,37,0,buy,179.99
245,2017-10-02 15:49:27,order-175,235,37,0,buy,179.99
246,2017-10-02 15:49:28,order-176,235,37,0,buy,179.99
247,2017-10-02 15:49:29,order-177,235,37,0,buy,179.99
248,2017-10-02 15:49:30,order-178,234,37,0,buy,199.99
249,2017-10-02 15:49:31,order-179,234,37,0,buy,199.99
250,2017-10-02 15:49:32,order-180,234,37,0,buy,199.99
251,2017-10-02 15:49:33,order-181,235,37,0,buy,179.99
252,2017-10-03 01:25:31,order-182,195,78,0,buy,205.0
253,2017-10-05 09:13:22,order-183,243,38,0,buy,155.0
254,2017-10-05 09:13:23,order-184,243,38,0,buy,155.0
255,2017-10-05 09:13:24,order-185,243,38,0,buy,155.0
256,2017-10-05 09:13:25,order-186,89,38,0,buy,149.91
257,2017-10-05 09:13:26,order-187,89,38,0,buy,149.91
258,2017-10-05 09:13:27,order-188,89,38,0,buy,149.91
259,2017-10-05 09:13:28,order-189,89,38,0,buy,149.91
260,2017-10-05 09:13:29,order-190,243,38,0,buy,155.0
261,2017-10-05 09:13:30,order-191,89,38,0,buy,149.91
262,2017-10-05 09:13:31,order-192,89,38,0,buy,149.91
263,2017-10-05 13:16:26,order-193,18,54,0,buy,119.9
264,2017-10-05 14:17:05,order-194,88,96,0,buy,149.88
265,2017-10-05 14:17:06,order-195,88,96,0,buy,149.88
266,2017-10-05 14:17:07,order-196,88,96,0,buy,149.88
267,2017-10-05 14:17:08,order-197,88,96,0,buy,149.88
268,2017-10-06 23:23:03,order-198,277,22,0,buy,71.99
269,2017-10-07 15:54:48,review-180,4,76,5,rate,1.0
270,2017-10-09 12:34:40,order-199,103,20,0,buy,269.9
271,2017-10-09 20:45:46,order-200,212,19,0,buy,20.7
272,2017-10-09 20:45:47,order-201,212,19,0,buy,20.7
273,2017-10-09 20:45:48,order-202,212,19,0,buy,20.7
274,2017-10-09 20:45:49,order-203,212,19,0,buy,20.7
275,2017-10-09 20:45:50,order-204,212,19,0,buy,20.7
276,2017-10-09 20:45:51,order-205,212,19,0,buy,20.7
277,2017-10-09 20:45:52,order-206,212,19,0,buy,20.7
278,2017-10-09 20:45:53,order-207,212,19,0,buy,20.7
279,2017-10-09 20:45:54,order-208,212,19,0,buy,20.7
280,2017-10-09 20:45:55,order-209,212,19,0,buy,20.7
281,2017-10-09 20:45:56,order-210,212,19,0,buy,20.7
282,2017-10-09 20:45:57,order-211,212,19,0,buy,20.7
283,2017-10-10 18:31:37,order-212,15,63,0,buy,16.9
284,2017-10-10 18:31:38,order-213,245,63,0,buy,39.9
285,2017-10-10 18:31:39,order-214,12,63,0,buy,16.9
286,2017-10-11 14:49:50,order-215,202,63,0,buy,7.9
287,2017-10-11 14:49:51,order-216,168,63,0,buy,114.15
288,2017-10-11 14:49:51,order-219,158,63,0,buy,39.0
289,2017-10-11 14:49:52,order-217,202,63,0,buy,7.9
290,2017-10-11 14:49:53,order-218,26,63,0,buy,119.9
291,2017-10-12 22:19:12,review-112,234,37,1,rate,1.0
292,2017-10-12 22:19:13,review-113,235,37,1,rate,1.0
293,2017-10-13 16:10:19,order-220,74,21,0,buy,199.0
294,2017-10-13 16:10:20,order-221,74,21,0,buy,199.0
295,2017-10-13 16:10:21,order-222,74,21,0,buy,199.0
296,2017-10-13 16:10:22,order-223,74,21,0,buy,199.0
297,2017-10-13 19:32:41,review-131,280,84,1,rate,1.0
298,2017-10-13 19:32:43,review-132,8,84,1,rate,1.0
299,2017-10-14 21:02:05,review-317,18,54,5,rate,1.0
300,2017-10-15 14:51:55,review-150,195,78,5,rate,1.0
301,2017-10-17 13:06:30,order-224,47,11,0,buy,49.99
302,2017-10-17 13:06:31,order-225,45,11,0,buy,58.9
303,2017-10-17 13:06:31,order-235,40,11,0,buy,81.5
304,2017-10-17 13:06:32,order-226,44,11,0,buy,61.9
305,2017-10-17 13:06:32,order-236,40,11,0,buy,81.5
306,2017-10-17 13:06:33,order-227,43,11,0,buy,72.9
307,2017-10-17 13:06:34,order-228,47,11,0,buy,49.99
308,2017-10-17 13:06:35,order-229,44,11,0,buy,61.9
309,2017-10-17 13:06:36,order-230,42,11,0,buy,69.9
310,2017-10-17 13:06:37,order-231,41,11,0,buy,78.9
311,2017-10-17 13:06:38,order-232,41,11,0,buy,78.9
312,2017-10-17 13:06:39,order-233,42,11,0,buy,69.9
313,2017-10-17 13:06:40,order-234,44,11,0,buy,61.9
314,2017-10-17 17:19:14,order-237,176,26,0,buy,12.99
315,2017-10-17 17:19:15,order-238,176,26,0,buy,12.99
316,2017-10-17 17:19:16,order-239,176,26,0,buy,12.99
317,2017-10-18 10:16:59,review-114,243,38,1,rate,1.0
318,2017-10-18 10:17:02,review-115,89,38,1,rate,1.0
319,2017-10-18 13:34:49,order-240,15,33,0,buy,16.9
320,2017-10-18 13:34:50,order-241,12,33,0,buy,16.9
321,2017-10-18 13:34:51,order-242,38,33,0,buy,13.99
322,2017-10-18 13:34:52,order-243,38,33,0,buy,13.99
323,2017-10-18 13:34:53,order-244,15,33,0,buy,16.9
324,2017-10-18 13:34:54,order-245,12,33,0,buy,16.9
325,2017-10-18 13:34:55,order-246,46,33,0,buy,16.9
326,2017-10-18 13:34:56,order-247,46,33,0,buy,16.9
327,2017-10-18 23:25:05,order-248,266,5,0,buy,29.99
328,2017-10-19 13:10:40,review-111,125,55,1,rate,1.0
329,2017-10-19 22:55:26,review-158,212,19,5,rate,1.0
330,2017-10-20 18:08:33,review-288,158,63,1,rate,1.0
331,2017-10-23 11:43:10,review-261,88,96,4,rate,1.0
332,2017-10-23 13:05:45,review-319,247,89,3,rate,1.0
333,2017-10-24 08:44:03,review-293,47,11,1,rate,1.0
334,2017-10-24 08:44:03,review-309,40,11,1,rate,1.0
335,2017-10-24 08:44:04,review-294,45,11,1,rate,1.0
336,2017-10-24 08:44:05,review-295,44,11,1,rate,1.0
337,2017-10-24 08:44:06,review-296,43,11,1,rate,1.0
338,2017-10-24 08:44:09,review-297,42,11,1,rate,1.0
339,2017-10-24 08:44:10,review-298,41,11,1,rate,1.0
340,2017-10-24 16:55:13,review-140,266,5,5,rate,1.0
341,2017-10-24 16:58:20,order-249,127,27,0,buy,20.49
342,2017-10-24 16:58:21,order-250,127,27,0,buy,20.49
343,2017-10-24 16:58:22,order-251,127,27,0,buy,20.49
344,2017-10-24 16:58:23,order-252,127,27,0,buy,20.49
345,2017-10-24 16:58:24,order-253,127,27,0,buy,20.49
346,2017-10-24 16:58:25,order-254,127,27,0,buy,20.49
347,2017-10-26 00:06:40,review-167,277,22,5,rate,1.0
348,2017-10-27 09:49:45,review-257,15,33,5,rate,1.0
349,2017-10-27 09:49:46,review-258,12,33,5,rate,1.0
350,2017-10-27 09:49:47,review-259,38,33,5,rate,1.0
351,2017-10-27 09:49:51,review-260,46,33,5,rate,1.0
352,2017-10-27 14:39:17,review-137,74,21,5,rate,1.0
353,2017-10-28 17:32:14,review-10,176,26,3,rate,1.0
354,2017-10-29 16:58:03,order-255,116,5,0,buy,13.99
355,2017-10-31 19:03:32,review-98,47,11,1,rate,1.0
356,2017-10-31 19:03:33,review-99,45,11,1,rate,1.0
357,2017-10-31 19:03:34,review-100,44,11,1,rate,1.0
358,2017-10-31 19:03:35,review-101,43,11,1,rate,1.0
359,2017-10-31 19:03:38,review-102,42,11,1,rate,1.0
360,2017-10-31 19:03:39,review-103,41,11,1,rate,1.0
361,2017-11-02 01:42:02,review-129,116,5,5,rate,1.0
362,2017-11-03 20:03:35,order-256,123,80,0,buy,59.9
363,2017-11-04 17:29:16,order-257,240,61,0,buy,194.99
364,2017-11-04 17:29:17,order-258,240,61,0,buy,194.99
365,2017-11-04 17:29:18,order-259,240,61,0,buy,194.99
366,2017-11-04 17:29:19,order-260,240,61,0,buy,194.99
367,2017-11-04 17:29:20,order-261,240,61,0,buy,194.99
368,2017-11-04 17:29:21,order-262,240,61,0,buy,194.99
369,2017-11-04 17:29:22,order-263,240,61,0,buy,194.99
370,2017-11-04 17:29:23,order-264,240,61,0,buy,194.99
371,2017-11-07 18:03:02,order-265,124,80,0,buy,59.9
372,2017-11-07 18:03:03,order-266,124,80,0,buy,59.9
373,2017-11-08 14:38:25,review-73,103,20,5,rate,1.0
374,2017-11-09 17:38:52,review-177,202,63,1,rate,1.0
375,2017-11-09 17:38:53,review-178,168,63,1,rate,1.0
376,2017-11-09 17:38:55,review-179,26,63,1,rate,1.0
377,2017-11-11 23:32:13,review-210,124,80,5,rate,1.0
378,2017-11-13 16:44:42,order-267,269,51,0,buy,34.23
379,2017-11-13 21:50:46,order-268,290,22,0,buy,55.0
380,2017-11-13 21:50:47,order-269,290,22,0,buy,55.0
381,2017-11-13 21:50:48,order-270,290,22,0,buy,55.0
382,2017-11-14 03:16:50,order-271,32,90,0,buy,38.99
383,2017-11-14 03:16:51,order-272,32,90,0,buy,38.99
384,2017-11-14 03:16:52,order-273,32,90,0,buy,38.99
385,2017-11-14 03:16:53,order-274,32,90,0,buy,38.99
386,2017-11-14 12:09:36,order-275,276,22,0,buy,104.9
387,2017-11-15 13:36:31,order-276,293,78,0,buy,19.9
388,2017-11-15 17:58:16,order-277,30,54,0,buy,239.9
389,2017-11-16 14:36:09,order-278,181,67,0,buy,59.9
390,2017-11-16 14:36:10,order-279,183,67,0,buy,59.9
391,2017-11-16 14:36:11,order-280,184,67,0,buy,59.9
392,2017-11-16 14:36:12,order-281,185,67,0,buy,59.9
393,2017-11-16 14:36:13,order-282,185,67,0,buy,59.9
394,2017-11-16 14:36:14,order-283,183,67,0,buy,59.9
395,2017-11-16 14:36:15,order-284,181,67,0,buy,59.9
396,2017-11-16 14:36:16,order-285,184,67,0,buy,59.9
397,2017-11-16 20:33:05,review-208,123,80,4,rate,1.0
398,2017-11-17 19:46:57,order-286,159,44,0,buy,78.0
399,2017-11-17 19:46:58,order-287,159,44,0,buy,78.0
400,2017-11-17 19:46:59,order-288,159,44,0,buy,78.0
401,2017-11-17 19:47:00,order-289,159,44,0,buy,78.0
402,2017-11-17 19:47:01,order-290,159,44,0,buy,78.0
403,2017-11-17 19:47:02,order-291,159,44,0,buy,78.0
404,2017-11-17 19:47:03,order-292,159,44,0,buy,78.0
405,2017-11-17 19:47:04,order-293,159,44,0,buy,78.0
406,2017-11-17 19:47:05,order-294,159,44,0,buy,78.0
407,2017-11-22 09:52:08,order-295,228,52,0,buy,11.5
408,2017-11-22 09:52:09,order-296,229,52,0,buy,137.5
409,2017-11-22 09:52:10,order-297,228,52,0,buy,11.5
410,2017-11-22 09:52:11,order-298,228,52,0,buy,11.5
411,2017-11-22 09:52:12,order-299,229,52,0,buy,137.5
412,2017-11-22 09:52:13,order-300,228,52,0,buy,11.5
413,2017-11-22 09:52:14,order-301,229,52,0,buy,137.5
414,2017-11-22 09:52:15,order-302,228,52,0,buy,11.5
415,2017-11-22 09:52:16,order-303,228,52,0,buy,11.5
416,2017-11-22 20:01:54,order-304,263,5,0,buy,13.99
417,2017-11-22 21:20:46,review-13,30,54,5,rate,1.0
418,2017-11-23 20:30:53,order-305,160,4,0,buy,65.49
419,2017-11-23 20:30:54,order-306,160,4,0,buy,65.49
420,2017-11-23 20:30:55,order-307,160,4,0,buy,65.49
421,2017-11-23 20:30:56,order-308,160,4,0,buy,65.49
422,2017-11-23 20:30:57,order-309,160,4,0,buy,65.49
423,2017-11-23 20:30:58,order-310,160,4,0,buy,65.49
424,2017-11-23 20:30:59,order-311,160,4,0,buy,65.49
425,2017-11-23 20:31:00,order-312,160,4,0,buy,65.49
426,2017-11-23 20:31:01,order-313,160,4,0,buy,65.49
427,2017-11-23 20:31:02,order-314,160,4,0,buy,65.49
428,2017-11-23 20:31:03,order-315,160,4,0,buy,65.49
429,2017-11-23 20:31:04,order-316,160,4,0,buy,65.49
430,2017-11-23 20:31:05,order-317,160,4,0,buy,65.49
431,2017-11-23 20:31:06,order-318,160,4,0,buy,65.49
432,2017-11-23 20:31:07,order-319,160,4,0,buy,65.49
433,2017-11-24 12:27:37,order-320,71,56,0,buy,99.0
434,2017-11-24 12:27:38,order-321,72,56,0,buy,235.0
435,2017-11-24 12:27:39,order-322,71,56,0,buy,99.0
436,2017-11-24 12:27:40,order-323,72,56,0,buy,235.0
437,2017-11-24 13:01:10,order-324,241,51,0,buy,118.0
438,2017-11-24 13:01:11,order-325,242,51,0,buy,118.0
439,2017-11-25 12:14:43,order-326,33,85,0,buy,99.9
440,2017-11-25 12:14:44,order-327,34,85,0,buy,99.9
441,2017-11-25 12:14:45,order-328,161,85,0,buy,59.55
442,2017-11-25 12:14:46,order-329,162,85,0,buy,59.33
443,2017-11-25 12:14:47,order-330,34,85,0,buy,99.9
444,2017-11-25 12:14:48,order-331,33,85,0,buy,99.9
445,2017-11-25 12:14:49,order-332,37,85,0,buy,116.9
446,2017-11-25 18:35:18,order-333,282,22,0,buy,70.97
447,2017-11-26 12:37:33,review-91,240,61,4,rate,1.0
448,2017-11-27 09:08:55,order-334,5,76,0,buy,199.9
449,2017-11-27 10:17:21,review-44,269,51,5,rate,1.0
450,2017-11-27 12:57:36,order-335,163,4,0,buy,90.0
451,2017-11-27 12:57:37,order-336,163,4,0,buy,90.0
452,2017-11-27 12:57:38,order-337,163,4,0,buy,90.0
453,2017-11-27 19:06:13,order-338,114,57,0,buy,25.5
454,2017-11-27 19:06:14,order-339,81,57,0,buy,149.99
455,2017-11-27 19:06:15,order-340,81,57,0,buy,149.99
456,2017-11-27 19:06:16,order-341,114,57,0,buy,25.5
457,2017-11-27 19:06:17,order-342,114,57,0,buy,25.5
458,2017-11-27 19:06:18,order-343,114,57,0,buy,25.5
459,2017-11-27 19:06:19,order-344,114,57,0,buy,25.5
460,2017-11-27 19:06:20,order-345,114,57,0,buy,25.5
461,2017-11-27 21:41:28,review-262,290,22,3,rate,1.0
462,2017-11-28 21:59:17,review-163,263,5,5,rate,1.0
463,2017-11-28 22:24:19,order-346,179,41,0,buy,103.97
464,2017-11-28 22:24:20,order-347,177,41,0,buy,109.97
465,2017-11-28 22:24:21,order-348,177,41,0,buy,109.97
466,2017-11-28 22:24:22,order-349,179,41,0,buy,103.97
467,2017-11-28 22:24:23,order-350,177,41,0,buy,109.97
468,2017-11-28 22:24:24,order-351,177,41,0,buy,109.97
469,2017-11-28 22:24:25,order-352,179,41,0,buy,103.97
470,2017-11-28 22:24:26,order-353,177,41,0,buy,109.97
471,2017-11-28 22:24:27,order-354,179,41,0,buy,103.97
472,2017-11-28 22:24:28,order-355,179,41,0,buy,103.97
473,2017-11-29 00:59:54,review-3,32,90,5,rate,1.0
474,2017-11-29 09:46:50,review-181,159,44,4,rate,1.0
475,2017-12-01 09:30:37,order-356,164,9,0,buy,97.47
476,2017-12-01 14:42:12,review-215,241,51,5,rate,1.0
477,2017-12-01 14:42:13,review-216,242,51,5,rate,1.0
478,2017-12-01 22:37:42,order-357,165,9,0,buy,50.0
479,2017-12-01 22:37:43,order-358,203,9,0,buy,239.9
480,2017-12-01 22:37:44,order-359,166,9,0,buy,97.0
481,2017-12-04 18:52:49,order-360,71,56,0,buy,99.0
482,2017-12-04 18:52:50,order-361,71,56,0,buy,99.0
483,2017-12-04 18:52:51,order-362,71,56,0,buy,99.0
484,2017-12-04 18:52:52,order-363,71,56,0,buy,99.0
485,2017-12-04 21:11:16,order-364,167,51,0,buy,46.0
486,2017-12-05 09:13:28,order-365,170,51,0,buy,46.0
487,2017-12-05 11:27:45,order-366,169,81,0,buy,9.99
488,2017-12-05 11:27:46,order-367,169,81,0,buy,9.99
489,2017-12-05 11:27:47,order-368,169,81,0,buy,9.99
490,2017-12-05 11:27:48,order-369,169,81,0,buy,9.99
491,2017-12-05 11:27:49,order-370,169,81,0,buy,9.99
492,2017-12-05 11:27:50,order-371,169,81,0,buy,9.99
493,2017-12-05 14:06:46,order-372,283,58,0,buy,69.99
494,2017-12-05 14:06:47,order-373,284,58,0,buy,69.99
495,2017-12-05 14:06:48,order-374,285,58,0,buy,69.99
496,2017-12-05 14:06:49,order-375,286,58,0,buy,69.99
497,2017-12-05 14:06:50,order-376,288,58,0,buy,69.99
498,2017-12-05 14:06:51,order-377,275,58,0,buy,69.99
499,2017-12-05 22:34:37,review-93,71,56,5,rate,1.0
500,2017-12-05 22:34:38,review-94,72,56,5,rate,1.0
501,2017-12-06 00:41:57,review-40,179,41,1,rate,1.0
502,2017-12-06 00:41:58,review-41,177,41,1,rate,1.0
503,2017-12-06 09:23:19,review-200,228,52,4,rate,1.0
504,2017-12-06 09:23:20,review-201,229,52,4,rate,1.0
505,2017-12-08 08:35:43,review-322,5,76,5,rate,1.0
506,2017-12-08 11:21:33,review-49,181,67,5,rate,1.0
507,2017-12-08 11:21:34,review-50,183,67,5,rate,1.0
508,2017-12-08 11:21:35,review-51,184,67,5,rate,1.0
509,2017-12-08 11:21:36,review-52,185,67,5,rate,1.0
510,2017-12-12 19:09:06,review-58,114,57,3,rate,1.0
511,2017-12-12 19:09:07,review-59,81,57,3,rate,1.0
512,2017-12-12 22:27:24,order-378,68,58,0,buy,74.9
513,2017-12-12 22:27:25,order-379,68,58,0,buy,74.9
514,2017-12-13 12:02:04,order-380,182,60,0,buy,66.38
515,2017-12-13 12:02:05,order-381,182,60,0,buy,66.38
516,2017-12-13 12:02:06,order-382,182,60,0,buy,66.38
517,2017-12-13 12:02:07,order-383,182,60,0,buy,66.38
518,2017-12-13 14:21:16,order-384,184,8,0,buy,59.9
519,2017-12-13 14:21:17,order-385,184,8,0,buy,59.9
520,2017-12-13 14:21:18,order-386,184,8,0,buy,59.9
521,2017-12-13 14:21:19,order-387,184,8,0,buy,59.9
522,2017-12-13 14:21:20,order-388,184,8,0,buy,59.9
523,2017-12-13 14:21:21,order-389,184,8,0,buy,59.9
524,2017-12-13 14:21:22,order-390,184,8,0,buy,59.9
525,2017-12-13 14:21:23,order-391,184,8,0,buy,59.9
526,2017-12-13 14:21:24,order-392,184,8,0,buy,59.9
527,2017-12-13 14:21:25,order-393,184,8,0,buy,59.9
528,2017-12-13 14:21:26,order-394,184,8,0,buy,59.9
529,2017-12-13 14:21:27,order-395,184,8,0,buy,59.9
530,2017-12-13 14:21:28,order-396,184,8,0,buy,59.9
531,2017-12-13 14:21:29,order-397,184,8,0,buy,59.9
532,2017-12-13 14:30:23,review-318,163,4,5,rate,1.0
533,2017-12-13 22:00:27,review-190,293,78,5,rate,1.0
534,2017-12-15 17:49:35,review-340,276,22,4,rate,1.0
535,2017-12-15 19:55:08,review-235,169,81,2,rate,1.0
536,2017-12-16 20:11:12,review-337,282,22,5,rate,1.0
537,2017-12-18 10:39:38,order-398,248,45,0,buy,41.33
538,2017-12-18 10:39:39,order-399,248,45,0,buy,41.33
539,2017-12-18 10:39:40,order-400,248,45,0,buy,41.33
540,2017-12-18 10:39:41,order-401,248,45,0,buy,41.33
541,2017-12-18 10:39:42,order-402,248,45,0,buy,41.33
542,2017-12-18 17:16:35,review-300,33,85,5,rate,1.0
543,2017-12-18 17:16:36,review-301,34,85,5,rate,1.0
544,2017-12-18 17:16:37,review-302,161,85,5,rate,1.0
545,2017-12-18 17:16:38,review-303,162,85,5,rate,1.0
546,2017-12-18 17:16:41,review-304,37,85,5,rate,1.0
547,2017-12-19 14:14:17,review-336,160,4,5,rate,1.0
548,2017-12-20 09:56:36,order-403,223,51,0,buy,55.0
549,2017-12-20 09:56:37,order-404,227,51,0,buy,69.99
550,2017-12-20 21:35:04,review-254,203,9,3,rate,1.0
551,2017-12-20 21:35:04,review-72,165,9,3,rate,1.0
552,2017-12-20 21:35:05,review-255,166,9,3,rate,1.0
553,2017-12-25 20:54:43,order-405,49,54,0,buy,24.9
554,2017-12-25 21:22:04,order-406,49,54,0,buy,24.9
555,2017-12-25 21:22:05,order-407,49,54,0,buy,24.9
556,2017-12-28 10:16:07,review-267,167,51,5,rate,1.0
557,2017-12-28 10:53:40,review-133,71,56,5,rate,1.0
558,2017-12-28 20:04:31,review-107,164,9,4,rate,1.0
559,2017-12-29 22:58:25,review-139,68,58,1,rate,1.0
560,2017-12-29 23:50:18,review-199,49,54,5,rate,1.0
561,2017-12-29 23:51:21,review-285,49,54,5,rate,1.0
562,2017-12-31 12:08:25,review-341,184,8,1,rate,1.0
563,2018-01-02 10:17:44,review-209,170,51,5,rate,1.0
564,2018-01-04 17:14:18,review-89,223,51,5,rate,1.0
565,2018-01-04 17:14:19,review-90,227,51,5,rate,1.0
566,2018-01-05 11:46:53,review-23,283,58,5,rate,1.0
567,2018-01-05 11:46:54,review-24,284,58,5,rate,1.0
568,2018-01-05 11:46:55,review-25,285,58,5,rate,1.0
569,2018-01-05 11:46:56,review-26,286,58,5,rate,1.0
570,2018-01-05 11:46:57,review-27,288,58,5,rate,1.0
571,2018-01-05 11:46:58,review-28,275,58,5,rate,1.0
572,2018-01-05 19:15:38,order-408,180,91,0,buy,12.49
573,2018-01-05 19:15:39,order-409,180,91,0,buy,12.49
574,2018-01-05 19:15:40,order-410,180,91,0,buy,12.49
575,2018-01-05 19:15:41,order-411,180,91,0,buy,12.49
576,2018-01-05 19:15:42,order-412,180,91,0,buy,12.49
577,2018-01-05 19:15:43,order-413,180,91,0,buy,12.49
578,2018-01-09 03:29:33,review-160,248,45,1,rate,1.0
579,2018-01-10 14:16:11,order-414,79,42,0,buy,109.89
580,2018-01-10 14:16:12,order-415,79,42,0,buy,109.89
581,2018-01-10 14:16:13,order-416,79,42,0,buy,109.89
582,2018-01-10 14:16:14,order-417,79,42,0,buy,109.89
583,2018-01-10 14:16:15,order-418,79,42,0,buy,109.89
584,2018-01-10 14:16:16,order-419,79,42,0,buy,109.89
585,2018-01-10 14:16:17,order-420,79,42,0,buy,109.89
586,2018-01-10 14:16:18,order-421,79,42,0,buy,109.89
587,2018-01-10 14:16:19,order-422,79,42,0,buy,109.89
588,2018-01-10 14:16:20,order-423,79,42,0,buy,109.89
589,2018-01-11 10:03:40,order-424,289,15,0,buy,108.0
590,2018-01-11 10:03:41,order-425,289,15,0,buy,108.0
591,2018-01-11 10:03:42,order-426,289,15,0,buy,108.0
592,2018-01-11 10:03:43,order-427,289,15,0,buy,108.0
593,2018-01-11 10:03:44,order-428,289,15,0,buy,108.0
594,2018-01-11 10:03:45,order-429,289,15,0,buy,108.0
595,2018-01-11 10:03:46,order-430,289,15,0,buy,108.0
596,2018-01-11 10:03:47,order-431,289,15,0,buy,108.0
597,2018-01-11 10:03:48,order-432,289,15,0,buy,108.0
598,2018-01-11 10:03:49,order-433,289,15,0,buy,108.0
599,2018-01-11 10:03:50,order-434,289,15,0,buy,108.0
600,2018-01-11 10:03:51,order-435,289,15,0,buy,108.0
601,2018-01-11 10:56:16,order-436,221,9,0,buy,119.0
602,2018-01-11 11:16:50,order-437,76,36,0,buy,189.0
603,2018-01-11 11:16:51,order-438,76,36,0,buy,189.0
604,2018-01-11 11:16:52,order-439,76,36,0,buy,189.0
605,2018-01-11 11:16:53,order-440,78,36,0,buy,219.9
606,2018-01-11 13:41:39,review-188,182,60,5,rate,1.0
607,2018-01-12 16:19:28,order-441,175,87,0,buy,250.0
608,2018-01-12 16:19:32,order-442,174,87,0,buy,38.4
609,2018-01-12 16:19:33,order-443,174,87,0,buy,38.4
610,2018-01-12 16:19:34,order-444,174,87,0,buy,38.4
611,2018-01-12 16:19:35,order-445,174,87,0,buy,38.4
612,2018-01-12 16:19:36,order-446,174,87,0,buy,38.4
613,2018-01-12 16:19:37,order-447,174,87,0,buy,38.4
614,2018-01-12 20:23:43,order-448,265,98,0,buy,112.0
615,2018-01-16 12:05:28,order-449,66,54,0,buy,99.9
616,2018-01-16 12:05:29,order-450,49,54,0,buy,24.9
617,2018-01-18 00:16:48,review-154,221,9,3,rate,1.0
618,2018-01-18 15:32:48,review-135,180,91,1,rate,1.0
619,2018-01-22 10:36:55,review-175,79,42,1,rate,1.0
620,2018-01-24 00:24:20,review-82,265,98,5,rate,1.0
621,2018-01-24 03:42:04,review-203,66,54,5,rate,1.0
622,2018-01-24 03:42:05,review-204,49,54,5,rate,1.0
623,2018-01-24 15:15:27,order-451,271,76,0,buy,52.0
624,2018-01-24 20:26:58,review-314,175,87,5,rate,1.0
625,2018-01-24 20:26:58,review-68,174,87,5,rate,1.0
626,2018-01-25 10:01:22,review-212,175,87,1,rate,1.0
627,2018-01-25 10:01:22,review-246,174,87,1,rate,1.0
628,2018-01-25 12:47:40,order-452,173,51,0,buy,169.0
629,2018-01-25 21:10:58,order-453,222,20,0,buy,59.9
630,2018-01-26 12:22:15,review-237,289,15,1,rate,1.0
631,2018-01-26 17:40:05,review-95,76,36,1,rate,1.0
632,2018-01-26 17:40:08,review-96,78,36,1,rate,1.0
633,2018-01-27 00:10:11,order-454,251,95,0,buy,79.97
634,2018-01-27 00:10:12,order-455,239,95,0,buy,79.99
635,2018-01-27 00:10:13,order-456,251,95,0,buy,79.97
636,2018-01-27 00:10:14,order-457,239,95,0,buy,79.99
637,2018-01-27 00:10:15,order-458,251,95,0,buy,79.97
638,2018-01-27 00:10:16,order-459,239,95,0,buy,79.99
639,2018-01-27 00:10:17,order-460,239,95,0,buy,79.99
640,2018-01-28 23:36:02,order-461,110,43,0,buy,25.0
641,2018-01-28 23:36:03,order-462,110,43,0,buy,25.0
642,2018-01-28 23:36:04,order-463,110,43,0,buy,25.0
643,2018-01-28 23:36:05,order-464,110,43,0,buy,25.0
644,2018-01-28 23:36:06,order-465,110,43,0,buy,25.0
645,2018-01-30 08:46:13,order-466,36,59,0,buy,62.0
646,2018-01-30 08:46:14,order-467,36,59,0,buy,62.0
647,2018-01-30 08:46:15,order-468,36,59,0,buy,62.0
648,2018-01-30 08:46:16,order-469,69,59,0,buy,48.0
649,2018-01-30 08:46:17,order-470,69,59,0,buy,48.0
650,2018-01-30 08:46:18,order-471,69,59,0,buy,48.0
651,2018-01-30 08:46:19,order-472,69,59,0,buy,48.0
652,2018-01-30 08:46:20,order-473,36,59,0,buy,62.0
653,2018-01-30 09:51:30,order-474,67,86,0,buy,24.9
654,2018-01-30 09:51:31,order-475,67,86,0,buy,24.9
655,2018-01-30 09:51:32,order-476,67,86,0,buy,24.9
656,2018-01-30 09:51:33,order-477,67,86,0,buy,24.9
657,2018-01-30 09:51:34,order-478,65,86,0,buy,41.99
658,2018-01-30 09:51:35,order-479,67,86,0,buy,24.9
659,2018-01-30 09:51:36,order-480,67,86,0,buy,24.9
660,2018-01-30 16:10:06,order-481,61,79,0,buy,320.0
661,2018-01-30 16:10:07,order-482,231,79,0,buy,160.0
662,2018-01-30 16:10:08,order-483,61,79,0,buy,320.0
663,2018-01-30 16:10:09,order-484,62,79,0,buy,52.0
664,2018-01-30 16:10:10,order-485,62,79,0,buy,52.0
665,2018-01-30 16:10:11,order-486,231,79,0,buy,160.0
666,2018-01-30 16:10:12,order-487,62,79,0,buy,52.0
667,2018-02-01 18:32:03,order-488,236,6,0,buy,179.99
668,2018-02-01 18:32:04,order-489,233,6,0,buy,76.99
669,2018-02-01 18:32:05,order-490,236,6,0,buy,179.99
670,2018-02-01 18:32:06,order-491,233,6,0,buy,76.99
671,2018-02-01 18:32:07,order-492,236,6,0,buy,179.99
672,2018-02-01 18:32:08,order-493,236,6,0,buy,179.99
673,2018-02-01 18:32:09,order-494,233,6,0,buy,76.99
674,2018-02-01 18:32:10,order-495,233,6,0,buy,76.99
675,2018-02-01 18:32:11,order-496,233,6,0,buy,76.99
676,2018-02-01 18:32:12,order-497,233,6,0,buy,76.99
677,2018-02-01 18:32:13,order-498,236,6,0,buy,179.99
678,2018-02-02 06:58:42,order-499,127,27,0,buy,20.49
679,2018-02-02 06:58:43,order-500,127,27,0,buy,20.49
680,2018-02-02 06:58:44,order-501,127,27,0,buy,20.49
681,2018-02-02 06:58:45,order-502,127,27,0,buy,20.49
682,2018-02-02 06:58:46,order-503,127,27,0,buy,20.49
683,2018-02-03 13:49:35,order-504,97,26,0,buy,19.0
684,2018-02-03 13:49:36,order-505,97,26,0,buy,19.0
685,2018-02-03 13:49:37,order-506,97,26,0,buy,19.0
686,2018-02-05 10:42:21,review-241,61,79,4,rate,1.0
687,2018-02-05 10:42:22,review-242,231,79,4,rate,1.0
688,2018-02-05 10:42:24,review-243,62,79,4,rate,1.0
689,2018-02-07 10:14:29,review-182,173,51,5,rate,1.0
690,2018-02-08 01:30:30,review-265,222,20,5,rate,1.0
691,2018-02-08 08:34:54,review-240,127,27,1,rate,1.0
692,2018-02-08 18:36:51,review-330,36,59,4,rate,1.0
693,2018-02-08 18:36:54,review-331,69,59,4,rate,1.0
694,2018-02-09 15:43:38,order-507,56,20,0,buy,125.9
695,2018-02-12 10:12:55,order-508,55,9,0,buy,53.0
696,2018-02-12 10:12:56,order-509,58,9,0,buy,53.0
697,2018-02-12 10:12:56,order-510,70,9,0,buy,53.99
698,2018-02-14 09:58:16,order-511,182,60,0,buy,66.38
699,2018-02-14 09:58:17,order-512,182,60,0,buy,66.38
700,2018-02-14 09:58:18,order-513,182,60,0,buy,66.38
701,2018-02-14 09:58:19,order-514,182,60,0,buy,66.38
702,2018-02-14 13:22:13,order-515,194,51,0,buy,152.99
703,2018-02-14 19:55:48,review-16,110,43,1,rate,1.0
704,2018-02-16 15:56:37,order-516,292,13,0,buy,26.74
705,2018-02-16 15:56:38,order-517,292,13,0,buy,26.74
706,2018-02-16 15:56:39,order-518,292,13,0,buy,26.74
707,2018-02-16 15:56:40,order-519,292,13,0,buy,26.74
708,2018-02-16 15:56:41,order-520,292,13,0,buy,26.74
709,2018-02-16 15:56:42,order-521,292,13,0,buy,26.74
710,2018-02-17 01:22:21,order-522,136,20,0,buy,49.99
711,2018-02-17 01:22:22,order-523,130,20,0,buy,56.99
712,2018-02-17 01:22:23,order-524,147,20,0,buy,49.99
713,2018-02-19 09:01:14,review-256,271,76,4,rate,1.0
714,2018-02-19 16:49:21,order-525,79,89,0,buy,109.89
715,2018-02-19 16:49:22,order-526,82,89,0,buy,84.0
716,2018-02-19 16:49:23,order-527,79,89,0,buy,109.89
717,2018-02-19 16:49:24,order-528,82,89,0,buy,84.0
718,2018-02-19 16:49:25,order-529,82,89,0,buy,84.0
719,2018-02-20 10:25:53,order-530,287,84,0,buy,54.99
720,2018-02-20 10:45:23,order-531,83,9,0,buy,59.99
721,2018-02-20 16:46:30,review-207,97,26,5,rate,1.0
722,2018-02-21 11:10:45,review-165,194,51,5,rate,1.0
723,2018-02-21 11:45:08,order-532,273,10,0,buy,29.99
724,2018-02-21 11:45:09,order-533,273,10,0,buy,29.99
725,2018-02-21 11:45:10,order-534,273,10,0,buy,29.99
726,2018-02-21 11:45:11,order-535,273,10,0,buy,29.99
727,2018-02-21 11:45:12,order-536,273,10,0,buy,29.99
728,2018-02-21 11:45:13,order-537,273,10,0,buy,29.99
729,2018-02-21 11:45:14,order-538,273,10,0,buy,29.99
730,2018-02-21 11:45:15,order-539,273,10,0,buy,29.99
731,2018-02-21 11:45:16,order-540,273,10,0,buy,29.99
732,2018-02-21 11:45:17,order-541,273,10,0,buy,29.99
733,2018-02-21 11:45:18,order-542,273,10,0,buy,29.99
734,2018-02-21 11:45:19,order-543,273,10,0,buy,29.99
735,2018-02-21 11:45:20,order-544,273,10,0,buy,29.99
736,2018-02-21 11:45:21,order-545,273,10,0,buy,29.99
737,2018-02-21 19:13:33,review-289,67,86,3,rate,1.0
738,2018-02-21 19:13:37,review-290,65,86,3,rate,1.0
739,2018-02-22 09:03:58,order-546,86,23,0,buy,118.0
740,2018-02-22 09:03:59,order-547,86,23,0,buy,118.0
741,2018-02-22 09:04:00,order-548,86,23,0,buy,118.0
742,2018-02-22 09:04:00,order-550,87,23,0,buy,69.9
743,2018-02-22 09:04:01,order-549,86,23,0,buy,118.0
744,2018-02-22 09:04:01,order-551,87,23,0,buy,69.9
745,2018-02-22 09:04:02,order-552,87,23,0,buy,69.9
746,2018-02-22 09:04:03,order-553,87,23,0,buy,69.9
747,2018-02-22 09:04:04,order-554,87,23,0,buy,69.9
748,2018-02-22 15:30:42,order-555,90,2,0,buy,100.0
749,2018-02-22 15:30:43,order-556,90,2,0,buy,100.0
750,2018-02-22 15:30:44,order-557,90,2,0,buy,100.0
751,2018-02-22 15:30:45,order-558,90,2,0,buy,100.0
752,2018-02-22 15:30:46,order-559,90,2,0,buy,100.0
753,2018-02-22 15:30:47,order-560,90,2,0,buy,100.0
754,2018-02-22 15:30:48,order-561,90,2,0,buy,100.0
755,2018-02-22 15:30:49,order-562,90,2,0,buy,100.0
756,2018-02-22 15:30:50,order-563,90,2,0,buy,100.0
757,2018-02-22 15:30:51,order-564,90,2,0,buy,100.0
758,2018-02-22 15:30:52,order-565,90,2,0,buy,100.0
759,2018-02-22 15:30:53,order-566,90,2,0,buy,100.0
760,2018-02-22 15:30:54,order-567,90,2,0,buy,100.0
761,2018-02-22 15:30:55,order-568,90,2,0,buy,100.0
762,2018-02-22 15:30:56,order-569,90,2,0,buy,100.0
763,2018-02-22 15:30:57,order-570,90,2,0,buy,100.0
764,2018-02-22 15:30:58,order-571,90,2,0,buy,100.0
765,2018-02-22 15:30:59,order-572,90,2,0,buy,100.0
766,2018-02-22 15:31:00,order-573,90,2,0,buy,100.0
767,2018-02-22 15:31:01,order-574,90,2,0,buy,100.0
768,2018-02-23 05:07:40,review-47,251,95,1,rate,1.0
769,2018-02-23 05:07:41,review-48,239,95,1,rate,1.0
770,2018-02-23 10:37:41,order-575,201,32,0,buy,45.04
771,2018-02-23 10:37:42,order-576,201,32,0,buy,45.04
772,2018-02-23 17:55:19,order-577,199,32,0,buy,32.0
773,2018-02-24 09:33:06,order-578,112,69,0,buy,20.9
774,2018-02-24 09:33:07,order-579,112,69,0,buy,20.9
775,2018-02-24 09:33:08,order-580,112,69,0,buy,20.9
776,2018-02-27 12:21:58,order-581,232,50,0,buy,149.94
777,2018-02-27 12:21:59,order-582,232,50,0,buy,149.94
778,2018-02-27 12:22:00,order-583,232,50,0,buy,149.94
779,2018-02-27 12:22:01,order-584,232,50,0,buy,149.94
780,2018-02-27 12:22:02,order-585,232,50,0,buy,149.94
781,2018-02-27 12:22:03,order-586,232,50,0,buy,149.94
782,2018-02-27 12:23:59,order-587,232,50,0,buy,149.94
783,2018-02-27 12:24:00,order-588,232,50,0,buy,149.94
784,2018-02-27 12:24:01,order-589,232,50,0,buy,149.94
785,2018-02-27 18:36:40,order-590,20,9,0,buy,109.9
786,2018-02-28 20:48:43,review-157,292,13,1,rate,1.0
787,2018-02-28 21:46:58,review-211,56,20,5,rate,1.0
788,2018-03-02 12:26:11,review-119,55,9,3,rate,1.0
789,2018-03-02 12:26:12,review-120,58,9,3,rate,1.0
790,2018-03-03 00:44:55,review-153,273,10,1,rate,1.0
791,2018-03-03 02:41:15,review-0,70,9,3,rate,1.0
792,2018-03-05 16:28:38,review-134,112,69,5,rate,1.0
793,2018-03-07 16:10:28,review-169,86,23,2,rate,1.0
794,2018-03-07 16:10:28,review-70,87,23,2,rate,1.0
795,2018-03-08 18:12:51,review-244,86,23,1,rate,1.0
796,2018-03-08 19:06:06,order-591,150,29,0,buy,45.0
797,2018-03-08 19:06:07,order-592,150,29,0,buy,45.0
798,2018-03-08 19:06:08,order-593,150,29,0,buy,45.0
799,2018-03-08 19:06:09,order-594,150,29,0,buy,45.0
800,2018-03-08 19:06:09,order-596,149,29,0,buy,140.0
801,2018-03-08 19:06:10,order-595,150,29,0,buy,45.0
802,2018-03-08 19:06:10,order-597,149,29,0,buy,140.0
803,2018-03-08 19:06:11,order-598,149,29,0,buy,140.0
804,2018-03-08 19:06:12,order-599,149,29,0,buy,140.0
805,2018-03-08 19:06:13,order-600,149,29,0,buy,140.0
806,2018-03-08 19:06:14,order-601,149,29,0,buy,140.0
807,2018-03-09 11:32:49,order-602,197,81,0,buy,29.99
808,2018-03-10 10:53:52,order-603,155,30,0,buy,84.0
809,2018-03-10 10:53:53,order-604,185,30,0,buy,59.9
810,2018-03-10 10:53:54,order-605,155,30,0,buy,84.0
811,2018-03-10 10:53:55,order-606,155,30,0,buy,84.0
812,2018-03-10 10:53:56,order-607,185,30,0,buy,59.9
813,2018-03-10 10:53:57,order-608,155,30,0,buy,84.0
814,2018-03-10 10:53:58,order-609,185,30,0,buy,59.9
815,2018-03-10 10:53:59,order-610,185,30,0,buy,59.9
816,2018-03-10 10:54:00,order-611,185,30,0,buy,59.9
817,2018-03-10 10:54:01,order-612,155,30,0,buy,84.0
818,2018-03-10 10:54:02,order-613,155,30,0,buy,84.0
819,2018-03-10 18:15:11,review-46,287,84,3,rate,1.0
820,2018-03-12 11:46:21,review-21,232,50,2,rate,1.0
821,2018-03-12 12:46:08,review-197,90,2,1,rate,1.0
822,2018-03-12 13:27:40,review-307,199,32,5,rate,1.0
823,2018-03-12 14:51:58,review-148,201,32,5,rate,1.0
824,2018-03-12 16:53:09,order-614,24,31,0,buy,53.0
825,2018-03-12 16:53:10,order-615,24,31,0,buy,53.0
826,2018-03-12 16:53:11,order-616,24,31,0,buy,53.0
827,2018-03-12 16:53:12,order-617,24,31,0,buy,53.0
828,2018-03-12 16:53:13,order-618,24,31,0,buy,53.0
829,2018-03-12 21:26:12,review-219,197,81,5,rate,1.0
830,2018-03-13 12:08:35,review-221,232,50,5,rate,1.0
831,2018-03-13 23:22:08,review-213,236,6,3,rate,1.0
832,2018-03-13 23:22:09,review-214,233,6,3,rate,1.0
833,2018-03-14 08:52:48,review-76,136,20,5,rate,1.0
834,2018-03-14 08:52:49,review-77,130,20,5,rate,1.0
835,2018-03-14 08:52:50,review-78,147,20,5,rate,1.0
836,2018-03-15 12:56:36,order-619,16,70,0,buy,69.9
837,2018-03-15 12:56:37,order-620,16,70,0,buy,69.9
838,2018-03-15 12:56:38,order-621,16,70,0,buy,69.9
839,2018-03-15 12:56:39,order-622,16,70,0,buy,69.9
840,2018-03-15 18:33:08,review-92,182,60,1,rate,1.0
841,2018-03-16 11:03:08,order-623,146,18,0,buy,75.0
842,2018-03-16 11:03:09,order-624,146,18,0,buy,75.0
843,2018-03-16 11:03:10,order-625,146,18,0,buy,75.0
844,2018-03-16 11:03:11,order-626,146,18,0,buy,75.0
845,2018-03-16 11:03:12,order-627,146,18,0,buy,75.0
846,2018-03-16 11:03:13,order-628,146,18,0,buy,75.0
847,2018-03-16 11:16:54,review-218,83,9,3,rate,1.0
848,2018-03-16 11:19:47,order-629,146,18,0,buy,75.0
849,2018-03-16 11:19:48,order-630,146,18,0,buy,75.0
850,2018-03-16 11:19:49,order-631,146,18,0,buy,75.0
851,2018-03-16 11:19:50,order-632,146,18,0,buy,75.0
852,2018-03-16 11:19:51,order-633,146,18,0,buy,75.0
853,2018-03-16 11:19:52,order-634,146,18,0,buy,75.0
854,2018-03-16 19:20:48,review-128,20,9,1,rate,1.0
855,2018-03-17 11:24:49,order-635,25,90,0,buy,34.9
856,2018-03-19 16:39:28,order-636,39,31,0,buy,38.99
857,2018-03-19 16:39:29,order-637,39,31,0,buy,38.99
858,2018-03-19 16:39:30,order-638,39,31,0,buy,38.99
859,2018-03-19 16:39:31,order-639,39,31,0,buy,38.99
860,2018-03-19 16:39:32,order-640,35,31,0,buy,55.0
861,2018-03-19 16:39:33,order-641,39,31,0,buy,38.99
862,2018-03-19 18:58:50,order-642,224,48,0,buy,129.0
863,2018-03-19 18:58:51,order-643,224,48,0,buy,129.0
864,2018-03-19 18:58:52,order-644,224,48,0,buy,129.0
865,2018-03-19 18:58:53,order-645,224,48,0,buy,129.0
866,2018-03-19 18:58:54,order-646,224,48,0,buy,129.0
867,2018-03-19 18:58:55,order-647,224,48,0,buy,129.0
868,2018-03-19 18:58:56,order-648,224,48,0,buy,129.0
869,2018-03-19 18:58:57,order-649,224,48,0,buy,129.0
870,2018-03-19 18:58:58,order-650,224,48,0,buy,129.0
871,2018-03-20 16:13:07,order-651,204,45,0,buy,89.99
872,2018-03-21 18:59:57,order-652,115,98,0,buy,29.99
873,2018-03-21 18:59:58,order-653,115,98,0,buy,29.99
874,2018-03-21 18:59:59,order-654,115,98,0,buy,29.99
875,2018-03-21 19:00:00,order-655,115,98,0,buy,29.99
876,2018-03-21 21:05:34,review-66,79,89,2,rate,1.0
877,2018-03-21 21:05:35,review-67,82,89,2,rate,1.0
878,2018-03-22 10:14:01,order-656,142,75,0,buy,20.89
879,2018-03-22 11:33:48,order-657,142,75,0,buy,20.89
880,2018-03-22 11:33:49,order-658,142,75,0,buy,20.89
881,2018-03-22 21:47:52,review-170,24,31,5,rate,1.0
882,2018-03-23 00:22:22,review-87,155,30,3,rate,1.0
883,2018-03-23 00:22:23,review-88,185,30,3,rate,1.0
884,2018-03-23 23:04:42,review-14,16,70,4,rate,1.0
885,2018-03-24 00:23:07,review-29,16,70,5,rate,1.0
886,2018-03-25 22:48:49,review-239,149,29,1,rate,1.0
887,2018-03-25 22:48:49,review-308,150,29,1,rate,1.0
888,2018-03-26 03:50:49,order-659,110,43,0,buy,25.0
889,2018-03-26 03:50:50,order-660,110,43,0,buy,25.0
890,2018-03-26 03:50:51,order-661,110,43,0,buy,25.0
891,2018-03-26 03:50:52,order-662,110,43,0,buy,25.0
892,2018-03-26 03:50:53,order-663,110,43,0,buy,25.0
893,2018-03-26 10:19:23,review-9,204,45,1,rate,1.0
894,2018-03-26 18:31:00,review-149,25,90,5,rate,1.0
895,2018-03-26 21:56:33,review-299,115,98,4,rate,1.0
896,2018-03-27 14:29:04,order-664,75,25,0,buy,83.49
897,2018-03-27 14:29:05,order-665,80,25,0,buy,81.99
898,2018-03-27 14:29:06,order-666,80,25,0,buy,81.99
899,2018-03-27 14:29:07,order-667,180,25,0,buy,12.49
900,2018-03-27 14:29:08,order-668,180,25,0,buy,12.49
901,2018-03-27 14:29:09,order-669,80,25,0,buy,81.99
902,2018-03-27 14:29:10,order-670,80,25,0,buy,81.99
903,2018-03-27 14:29:11,order-671,80,25,0,buy,81.99
904,2018-03-27 14:29:12,order-672,75,25,0,buy,83.49
905,2018-03-27 14:29:13,order-673,75,25,0,buy,83.49
906,2018-03-29 01:38:38,review-81,146,18,2,rate,1.0
907,2018-03-29 15:41:08,order-674,152,45,0,buy,35.0
908,2018-03-29 15:41:09,order-675,152,45,0,buy,35.0
909,2018-03-29 15:41:10,order-676,152,45,0,buy,35.0
910,2018-03-29 16:16:28,review-187,146,18,4,rate,1.0
911,2018-03-31 21:18:50,order-677,230,78,0,buy,19.99
912,2018-03-31 21:18:51,order-678,230,78,0,buy,19.99
913,2018-04-02 16:48:32,review-97,224,48,1,rate,1.0
914,2018-04-04 00:53:43,review-223,142,75,5,rate,1.0
915,2018-04-04 09:41:25,review-30,142,75,5,rate,1.0
916,2018-04-05 13:34:59,review-327,75,25,5,rate,1.0
917,2018-04-05 13:35:00,review-328,80,25,5,rate,1.0
918,2018-04-05 13:35:02,review-329,180,25,5,rate,1.0
919,2018-04-05 15:21:54,review-155,39,31,5,rate,1.0
920,2018-04-05 15:21:58,review-156,35,31,5,rate,1.0
921,2018-04-10 10:03:13,order-679,104,94,0,buy,33.9
922,2018-04-10 10:03:14,order-680,106,94,0,buy,15.9
923,2018-04-10 10:03:15,order-681,106,94,0,buy,15.9
924,2018-04-10 10:03:16,order-682,106,94,0,buy,15.9
925,2018-04-10 10:03:17,order-683,106,94,0,buy,15.9
926,2018-04-10 10:03:18,order-684,106,94,0,buy,15.9
927,2018-04-10 10:03:19,order-685,106,94,0,buy,15.9
928,2018-04-10 10:22:04,review-15,152,45,4,rate,1.0
929,2018-04-10 14:09:06,order-686,226,53,0,buy,14.5
930,2018-04-10 14:09:07,order-687,225,53,0,buy,14.8
931,2018-04-11 02:48:16,order-688,139,88,0,buy,59.8
932,2018-04-11 02:48:17,order-689,139,88,0,buy,59.8
933,2018-04-11 02:48:18,order-690,141,88,0,buy,6.5
934,2018-04-11 02:48:19,order-691,141,88,0,buy,6.5
935,2018-04-11 16:14:21,order-692,28,75,0,buy,148.9
936,2018-04-11 16:14:22,order-693,28,75,0,buy,148.9
937,2018-04-12 11:02:52,order-694,274,12,0,buy,29.99
938,2018-04-12 11:02:53,order-695,274,12,0,buy,29.99
939,2018-04-12 11:02:54,order-696,274,12,0,buy,29.99
940,2018-04-12 11:02:55,order-697,274,12,0,buy,29.99
941,2018-04-12 11:02:56,order-698,274,12,0,buy,29.99
942,2018-04-12 11:02:57,order-699,274,12,0,buy,29.99
943,2018-04-12 11:02:58,order-700,274,12,0,buy,29.99
944,2018-04-12 11:02:59,order-701,274,12,0,buy,29.99
945,2018-04-12 11:03:00,order-702,274,12,0,buy,29.99
946,2018-04-12 11:03:01,order-703,274,12,0,buy,29.99
947,2018-04-12 11:03:02,order-704,274,12,0,buy,29.99
948,2018-04-12 11:03:03,order-705,274,12,0,buy,29.99
949,2018-04-12 11:03:04,order-706,274,12,0,buy,29.99
950,2018-04-13 10:09:11,order-707,111,32,0,buy,20.5
951,2018-04-13 10:09:12,order-708,111,32,0,buy,20.5
952,2018-04-13 10:09:13,order-709,111,32,0,buy,20.5
953,2018-04-13 10:09:14,order-710,193,32,0,buy,79.9
954,2018-04-13 10:09:15,order-711,193,32,0,buy,79.9
955,2018-04-13 10:09:16,order-712,193,32,0,buy,79.9
956,2018-04-13 10:09:17,order-713,111,32,0,buy,20.5
957,2018-04-13 10:09:18,order-714,111,32,0,buy,20.5
958,2018-04-13 16:01:35,order-715,29,68,0,buy,19.9
959,2018-04-13 16:01:36,order-716,29,68,0,buy,19.9
960,2018-04-13 16:01:37,order-717,29,68,0,buy,19.9
961,2018-04-13 16:01:38,order-718,31,68,0,buy,19.9
962,2018-04-13 16:01:39,order-719,31,68,0,buy,19.9
963,2018-04-13 16:01:40,order-720,31,68,0,buy,19.9
964,2018-04-13 16:01:41,order-721,31,68,0,buy,19.9
965,2018-04-13 16:01:42,order-722,29,68,0,buy,19.9
966,2018-04-17 21:09:00,order-723,9,17,0,buy,79.9
967,2018-04-17 21:09:01,order-724,10,17,0,buy,79.9
968,2018-04-17 21:09:02,order-725,10,17,0,buy,79.9
969,2018-04-17 21:09:03,order-726,10,17,0,buy,79.9
970,2018-04-17 21:09:04,order-727,9,17,0,buy,79.9
971,2018-04-17 21:09:05,order-728,9,17,0,buy,79.9
972,2018-04-17 21:09:06,order-729,7,17,0,buy,79.9
973,2018-04-17 21:09:07,order-730,7,17,0,buy,79.9
974,2018-04-17 21:09:08,order-731,7,17,0,buy,79.9
975,2018-04-17 21:09:09,order-732,6,17,0,buy,79.9
976,2018-04-17 21:09:10,order-733,6,17,0,buy,79.9
977,2018-04-17 21:09:11,order-734,6,17,0,buy,79.9
978,2018-04-17 21:09:36,review-350,226,53,5,rate,1.0
979,2018-04-17 21:09:37,review-351,225,53,5,rate,1.0
980,2018-04-19 11:17:56,order-735,126,93,0,buy,63.9
981,2018-04-19 11:17:57,order-736,143,93,0,buy,18.04
982,2018-04-19 11:17:58,order-737,144,93,0,buy,18.04
983,2018-04-19 11:17:59,order-738,144,93,0,buy,18.04
984,2018-04-19 11:18:00,order-739,143,93,0,buy,18.04
985,2018-04-19 11:18:01,order-740,145,93,0,buy,18.04
986,2018-04-19 11:18:02,order-741,145,93,0,buy,18.04
987,2018-04-19 13:54:07,order-742,113,39,0,buy,284.99
988,2018-04-19 13:54:08,order-743,113,39,0,buy,284.99
989,2018-04-19 13:54:09,order-744,113,39,0,buy,284.99
990,2018-04-19 13:54:10,order-745,113,39,0,buy,284.99
991,2018-04-19 13:54:11,order-746,113,39,0,buy,284.99
992,2018-04-19 13:54:12,order-747,113,39,0,buy,284.99
993,2018-04-19 13:54:13,order-748,113,39,0,buy,284.99
994,2018-04-19 13:54:14,order-749,113,39,0,buy,284.99
995,2018-04-19 13:54:15,order-750,113,39,0,buy,284.99
996,2018-04-19 13:54:16,order-751,113,39,0,buy,284.99
997,2018-04-19 17:42:46,review-313,110,43,3,rate,1.0
998,2018-04-19 18:54:33,order-752,13,75,0,buy,143.6
999,2018-04-19 20:53:14,order-753,187,71,0,buy,102.22
1000,2018-04-19 20:53:15,order-754,188,71,0,buy,26.9
1001,2018-04-19 20:53:16,order-755,188,71,0,buy,26.9
1002,2018-04-19 20:53:17,order-756,188,71,0,buy,26.9
1003,2018-04-19 20:53:18,order-757,188,71,0,buy,26.9
1004,2018-04-19 20:53:19,order-758,188,71,0,buy,26.9
1005,2018-04-19 20:53:20,order-759,188,71,0,buy,26.9
1006,2018-04-21 12:41:40,review-305,28,75,1,rate,1.0
1007,2018-04-22 12:27:50,review-45,230,78,1,rate,1.0
1008,2018-04-22 19:07:52,review-338,139,88,3,rate,1.0
1009,2018-04-22 19:07:54,review-339,141,88,3,rate,1.0
1010,2018-04-23 17:36:23,review-33,126,93,1,rate,1.0
1011,2018-04-23 17:36:24,review-34,143,93,1,rate,1.0
1012,2018-04-23 17:36:25,review-35,144,93,1,rate,1.0
1013,2018-04-23 17:36:28,review-36,145,93,1,rate,1.0
1014,2018-04-24 17:06:55,order-760,238,6,0,buy,149.94
1015,2018-04-24 17:06:56,order-761,238,6,0,buy,149.94
1016,2018-04-24 17:06:57,order-762,237,6,0,buy,79.98
1017,2018-04-24 17:06:58,order-763,237,6,0,buy,79.98
1018,2018-04-24 23:25:12,order-764,291,64,0,buy,163.0
1019,2018-04-24 23:25:13,order-765,291,64,0,buy,163.0
1020,2018-04-24 23:25:14,order-766,291,64,0,buy,163.0
1021,2018-04-24 23:25:15,order-767,291,64,0,buy,163.0
1022,2018-04-24 23:25:16,order-768,291,64,0,buy,163.0
1023,2018-04-25 10:52:11,order-769,121,66,0,buy,59.99
1024,2018-04-25 10:52:11,order-772,211,66,0,buy,44.99
1025,2018-04-25 10:52:12,order-770,121,66,0,buy,59.99
1026,2018-04-25 10:52:12,order-773,211,66,0,buy,44.99
1027,2018-04-25 10:52:13,order-771,121,66,0,buy,59.99
1028,2018-04-25 12:23:28,order-774,17,70,0,buy,53.2
1029,2018-04-25 12:23:29,order-775,17,70,0,buy,53.2
1030,2018-04-26 10:48:07,order-776,274,35,0,buy,29.99
1031,2018-04-26 10:48:08,order-777,274,35,0,buy,29.99
1032,2018-04-26 10:48:09,order-778,274,35,0,buy,29.99
1033,2018-04-26 10:48:10,order-779,274,35,0,buy,29.99
1034,2018-04-26 10:48:11,order-780,274,35,0,buy,29.99
1035,2018-04-26 11:44:49,order-781,148,20,0,buy,74.99
1036,2018-04-26 11:45:59,review-311,187,71,5,rate,1.0
1037,2018-04-26 11:46:00,review-312,188,71,5,rate,1.0
1038,2018-04-26 20:37:36,review-287,274,12,3,rate,1.0
1039,2018-05-02 12:27:16,review-347,29,68,5,rate,1.0
1040,2018-05-02 12:27:19,review-348,31,68,5,rate,1.0
1041,2018-05-02 13:30:43,review-108,111,32,5,rate,1.0
1042,2018-05-02 13:30:46,review-109,193,32,5,rate,1.0
1043,2018-05-02 13:52:35,review-116,13,75,5,rate,1.0
1044,2018-05-02 14:04:02,review-11,104,94,1,rate,1.0
1045,2018-05-02 14:04:03,review-12,106,94,1,rate,1.0
1046,2018-05-03 06:11:23,order-782,102,20,0,buy,10.99
1047,2018-05-03 06:11:24,order-783,102,20,0,buy,10.99
1048,2018-05-03 06:11:25,order-784,102,20,0,buy,10.99
1049,2018-05-03 06:11:26,order-785,102,20,0,buy,10.99
1050,2018-05-03 16:16:42,order-786,78,96,0,buy,219.9
1051,2018-05-03 16:16:43,order-787,78,96,0,buy,219.9
1052,2018-05-03 16:16:44,order-788,78,96,0,buy,219.9
1053,2018-05-03 22:21:06,review-198,17,70,5,rate,1.0
1054,2018-05-04 09:09:51,order-789,278,84,0,buy,159.9
1055,2018-05-04 09:09:52,order-790,279,84,0,buy,74.99
1056,2018-05-06 17:04:17,order-791,112,69,0,buy,20.9
1057,2018-05-06 17:04:18,order-792,112,69,0,buy,20.9
1058,2018-05-06 17:04:19,order-793,112,69,0,buy,20.9
1059,2018-05-06 17:04:20,order-794,112,69,0,buy,20.9
1060,2018-05-06 17:04:21,order-795,112,69,0,buy,20.9
1061,2018-05-06 21:38:07,review-310,113,39,5,rate,1.0
1062,2018-05-08 13:02:02,review-238,291,64,4,rate,1.0
1063,2018-05-10 10:13:47,order-796,211,66,0,buy,44.99
1064,2018-05-10 10:13:48,order-797,211,66,0,buy,44.99
1065,2018-05-10 10:13:49,order-798,211,66,0,buy,44.99
1066,2018-05-11 11:51:47,review-56,211,66,5,rate,1.0
1067,2018-05-11 11:51:47,review-57,121,66,5,rate,1.0
1068,2018-05-13 13:05:03,order-799,214,14,0,buy,21.15
1069,2018-05-13 13:05:04,order-800,215,14,0,buy,14.49
1070,2018-05-13 13:05:05,order-801,215,14,0,buy,14.49
1071,2018-05-13 13:05:06,order-802,214,14,0,buy,21.15
1072,2018-05-13 13:05:07,order-803,215,14,0,buy,14.49
1073,2018-05-13 13:05:08,order-804,214,14,0,buy,21.15
1074,2018-05-13 13:05:09,order-805,215,14,0,buy,14.49
1075,2018-05-13 13:05:10,order-806,214,14,0,buy,21.15
1076,2018-05-13 13:05:11,order-807,215,14,0,buy,14.49
1077,2018-05-13 13:05:12,order-808,214,14,0,buy,21.15
1078,2018-05-13 13:05:13,order-809,214,14,0,buy,21.15
1079,2018-05-13 13:05:14,order-810,215,14,0,buy,14.49
1080,2018-05-13 21:29:50,order-811,19,99,0,buy,9.9
1081,2018-05-13 21:29:51,order-812,151,99,0,buy,46.0
1082,2018-05-13 21:29:52,order-813,151,99,0,buy,46.0
1083,2018-05-13 21:29:53,order-814,19,99,0,buy,9.9
1084,2018-05-13 21:29:54,order-815,19,99,0,buy,9.9
1085,2018-05-13 21:29:55,order-816,19,99,0,buy,9.9
1086,2018-05-14 02:56:15,review-2,102,20,5,rate,1.0
1087,2018-05-14 20:59:45,review-193,9,17,4,rate,1.0
1088,2018-05-14 20:59:46,review-194,10,17,4,rate,1.0
1089,2018-05-14 20:59:51,review-195,7,17,4,rate,1.0
1090,2018-05-14 20:59:54,review-196,6,17,4,rate,1.0
1091,2018-05-15 16:10:39,order-817,156,97,0,buy,49.0
1092,2018-05-15 16:10:40,order-818,156,97,0,buy,49.0
1093,2018-05-15 16:10:41,order-819,153,97,0,buy,49.9
1094,2018-05-15 16:10:42,order-820,154,97,0,buy,199.5
1095,2018-05-15 16:10:43,order-821,140,97,0,buy,49.9
1096,2018-05-15 16:10:44,order-822,140,97,0,buy,49.9
1097,2018-05-15 16:10:45,order-823,140,97,0,buy,49.9
1098,2018-05-15 23:54:02,review-191,112,69,3,rate,1.0
1099,2018-05-17 10:49:00,review-236,274,35,2,rate,1.0
1100,2018-05-19 10:51:34,order-824,184,47,0,buy,59.9
1101,2018-05-19 10:51:35,order-825,184,47,0,buy,59.9
1102,2018-05-19 10:51:36,order-826,184,47,0,buy,59.9
1103,2018-05-19 10:51:37,order-827,184,47,0,buy,59.9
1104,2018-05-19 10:51:38,order-828,184,47,0,buy,59.9
1105,2018-05-19 10:58:31,order-829,184,47,0,buy,59.9
1106,2018-05-19 10:58:32,order-830,184,47,0,buy,59.9
1107,2018-05-19 10:58:33,order-831,184,47,0,buy,59.9
1108,2018-05-19 10:58:34,order-832,184,47,0,buy,59.9
1109,2018-05-20 21:53:44,review-334,19,99,5,rate,1.0
1110,2018-05-20 21:53:45,review-335,151,99,5,rate,1.0
1111,2018-05-21 13:25:20,review-202,78,96,5,rate,1.0
1112,2018-05-21 22:44:32,order-833,261,5,0,buy,45.99
1113,2018-05-22 13:30:57,review-19,211,66,5,rate,1.0
1114,2018-05-22 23:08:56,order-834,260,5,0,buy,51.8
1115,2018-05-23 00:36:46,review-54,238,6,3,rate,1.0
1116,2018-05-23 00:36:48,review-55,237,6,3,rate,1.0
1117,2018-05-24 18:57:52,review-263,261,5,5,rate,1.0
1118,2018-05-25 15:32:24,review-220,260,5,5,rate,1.0
1119,2018-05-26 13:18:38,review-117,148,20,5,rate,1.0
1120,2018-05-28 17:20:03,order-835,14,26,0,buy,79.9
1121,2018-05-28 18:32:55,review-248,156,97,5,rate,1.0
1122,2018-05-28 18:32:57,review-249,153,97,5,rate,1.0
1123,2018-05-28 18:32:58,review-250,154,97,5,rate,1.0
1124,2018-05-28 18:32:59,review-251,140,97,5,rate,1.0
1125,2018-05-30 09:46:26,order-836,216,49,0,buy,130.0
1126,2018-05-30 09:46:27,order-837,216,49,0,buy,130.0
1127,2018-05-30 09:46:28,order-838,216,49,0,buy,130.0
1128,2018-05-30 09:46:29,order-839,216,49,0,buy,130.0
1129,2018-05-30 09:46:30,order-840,216,49,0,buy,130.0
1130,2018-05-30 09:46:31,order-841,216,49,0,buy,130.0
1131,2018-06-01 08:21:04,order-842,216,49,0,buy,130.0
1132,2018-06-01 08:21:05,order-843,216,49,0,buy,130.0
1133,2018-06-01 08:21:06,order-844,216,49,0,buy,130.0
1134,2018-06-01 11:38:30,order-845,218,20,0,buy,74.99
1135,2018-06-04 15:29:15,order-846,225,53,0,buy,14.8
1136,2018-06-04 15:29:16,order-847,225,53,0,buy,14.8
1137,2018-06-04 15:29:17,order-848,27,53,0,buy,45.9
1138,2018-06-04 15:29:18,order-849,225,53,0,buy,14.8
1139,2018-06-04 15:29:19,order-850,225,53,0,buy,14.8
1140,2018-06-04 15:29:20,order-851,226,53,0,buy,14.5
1141,2018-06-04 15:29:21,order-852,226,53,0,buy,14.5
1142,2018-06-04 17:03:58,order-853,249,23,0,buy,100.0
1143,2018-06-04 17:03:59,order-854,249,23,0,buy,100.0
1144,2018-06-05 14:38:20,order-855,1,74,0,buy,190.0
1145,2018-06-05 14:38:21,order-856,1,74,0,buy,190.0
1146,2018-06-05 14:38:22,order-857,1,74,0,buy,190.0
1147,2018-06-05 14:38:23,order-858,1,74,0,buy,190.0
1148,2018-06-05 14:38:24,order-859,1,74,0,buy,190.0
1149,2018-06-05 14:38:25,order-860,1,74,0,buy,190.0
1150,2018-06-05 14:38:26,order-861,1,74,0,buy,190.0
1151,2018-06-06 01:22:49,review-168,184,47,4,rate,1.0
1152,2018-06-06 22:49:09,review-121,278,84,4,rate,1.0
1153,2018-06-06 22:49:10,review-122,279,84,4,rate,1.0
1154,2018-06-07 20:15:53,review-74,184,47,3,rate,1.0
1155,2018-06-08 16:42:12,order-862,217,16,0,buy,5.31
1156,2018-06-08 16:42:13,order-863,217,16,0,buy,5.31
1157,2018-06-08 16:42:14,order-864,217,16,0,buy,5.31
1158,2018-06-08 16:42:15,order-865,219,16,0,buy,4.9
1159,2018-06-08 16:42:16,order-866,217,16,0,buy,5.31
1160,2018-06-08 16:42:17,order-867,219,16,0,buy,4.9
1161,2018-06-08 16:42:18,order-868,219,16,0,buy,4.9
1162,2018-06-08 16:42:19,order-869,219,16,0,buy,4.9
1163,2018-06-08 16:42:20,order-870,219,16,0,buy,4.9
1164,2018-06-08 16:42:21,order-871,219,16,0,buy,4.9
1165,2018-06-08 16:42:22,order-872,217,16,0,buy,5.31
1166,2018-06-08 16:42:23,order-873,217,16,0,buy,5.31
1167,2018-06-08 16:55:26,review-344,225,53,3,rate,1.0
1168,2018-06-08 16:55:28,review-345,27,53,3,rate,1.0
1169,2018-06-08 16:55:31,review-346,226,53,3,rate,1.0
1170,2018-06-10 16:53:55,review-161,14,26,5,rate,1.0
1171,2018-06-11 17:56:08,order-874,292,13,0,buy,26.74
1172,2018-06-11 17:56:09,order-875,292,13,0,buy,26.74
1173,2018-06-11 17:56:10,order-876,292,13,0,buy,26.74
1174,2018-06-11 17:56:11,order-877,292,13,0,buy,26.74
1175,2018-06-11 17:56:12,order-878,292,13,0,buy,26.74
1176,2018-06-11 17:56:13,order-879,292,13,0,buy,26.74
1177,2018-06-11 21:01:19,order-880,151,99,0,buy,46.0
1178,2018-06-12 20:46:52,order-881,250,91,0,buy,49.99
1179,2018-06-12 20:58:29,review-17,1,74,1,rate,1.0
1180,2018-06-14 11:11:53,review-252,218,20,5,rate,1.0
1181,2018-06-14 14:28:17,review-270,216,49,1,rate,1.0
1182,2018-06-16 03:26:36,review-247,216,49,1,rate,1.0
1183,2018-06-16 17:06:26,review-268,214,14,4,rate,1.0
1184,2018-06-16 17:06:27,review-269,215,14,4,rate,1.0
1185,2018-06-18 10:55:51,review-138,249,23,3,rate,1.0
1186,2018-06-19 20:54:27,review-349,292,13,5,rate,1.0
1187,2018-06-20 00:08:43,review-224,151,99,5,rate,1.0
1188,2018-06-20 12:16:29,review-226,217,16,1,rate,1.0
1189,2018-06-20 12:16:32,review-227,219,16,1,rate,1.0
1190,2018-06-23 01:01:43,review-18,250,91,5,rate,1.0
1191,2018-06-28 00:43:35,order-882,49,54,0,buy,24.9
1192,2018-07-01 03:58:44,review-127,49,54,5,rate,1.0
1193,2018-07-04 22:35:14,order-883,122,5,0,buy,22.99
1194,2018-07-05 00:58:06,order-884,210,77,0,buy,320.0
1195,2018-07-05 00:58:07,order-885,209,77,0,buy,290.0
1196,2018-07-05 00:58:08,order-886,209,77,0,buy,290.0
1197,2018-07-05 00:58:09,order-887,209,77,0,buy,290.0
1198,2018-07-05 00:58:10,order-888,209,77,0,buy,290.0
1199,2018-07-05 00:58:11,order-889,210,77,0,buy,320.0
1200,2018-07-08 11:25:35,order-890,253,82,0,buy,6.12
1201,2018-07-08 11:25:36,order-891,257,82,0,buy,168.8
1202,2018-07-08 11:25:37,order-892,253,82,0,buy,6.12
1203,2018-07-08 11:25:38,order-893,253,82,0,buy,6.12
1204,2018-07-08 11:25:39,order-894,253,82,0,buy,6.12
1205,2018-07-08 11:25:40,order-895,253,82,0,buy,6.12
1206,2018-07-08 11:25:41,order-896,253,82,0,buy,6.12
1207,2018-07-10 11:36:11,order-897,274,35,0,buy,29.99
1208,2018-07-10 11:36:12,order-898,274,35,0,buy,29.99
1209,2018-07-10 11:36:13,order-899,274,35,0,buy,29.99
1210,2018-07-10 11:36:14,order-900,274,35,0,buy,29.99
1211,2018-07-10 11:36:15,order-901,274,35,0,buy,29.99
1212,2018-07-12 01:52:10,review-20,122,5,5,rate,1.0
1213,2018-07-15 15:12:15,review-332,210,77,2,rate,1.0
1214,2018-07-15 15:12:16,review-333,209,77,2,rate,1.0
1215,2018-07-17 00:57:01,review-38,253,82,1,rate,1.0
1216,2018-07-17 00:57:02,review-39,257,82,1,rate,1.0
1217,2018-07-17 14:25:52,order-902,139,88,0,buy,59.8
1218,2018-07-17 14:25:53,order-903,139,88,0,buy,59.8
1219,2018-07-17 14:25:54,order-904,139,88,0,buy,59.8
1220,2018-07-20 04:05:50,order-905,0,77,0,buy,35.0
1221,2018-07-23 19:44:48,review-162,274,35,5,rate,1.0
1222,2018-07-23 21:53:03,order-906,255,5,0,buy,99.0
1223,2018-07-25 01:12:51,order-907,208,72,0,buy,79.0
1224,2018-07-25 01:12:52,order-908,208,72,0,buy,79.0
1225,2018-07-25 01:12:53,order-909,207,72,0,buy,69.0
1226,2018-07-25 01:12:54,order-910,206,72,0,buy,88.0
1227,2018-07-25 01:12:55,order-911,207,72,0,buy,69.0
1228,2018-07-25 01:12:56,order-912,206,72,0,buy,88.0
1229,2018-07-25 01:12:57,order-913,207,72,0,buy,69.0
1230,2018-07-25 14:47:46,order-914,220,28,0,buy,26.18
1231,2018-07-25 14:47:47,order-915,220,28,0,buy,26.18
1232,2018-07-25 14:47:48,order-916,220,28,0,buy,26.18
1233,2018-07-25 14:47:49,order-917,220,28,0,buy,26.18
1234,2018-07-25 14:47:50,order-918,220,28,0,buy,26.18
1235,2018-07-25 14:47:51,order-919,220,28,0,buy,26.18
1236,2018-07-25 14:47:52,order-920,220,28,0,buy,26.18
1237,2018-07-25 14:47:53,order-921,220,28,0,buy,26.18
1238,2018-07-25 14:47:54,order-922,220,28,0,buy,26.18
1239,2018-07-25 14:47:55,order-923,220,28,0,buy,26.18
1240,2018-07-25 14:47:56,order-924,220,28,0,buy,26.18
1241,2018-07-26 14:26:08,order-925,84,46,0,buy,15.0
1242,2018-07-26 14:26:09,order-926,84,46,0,buy,15.0
1243,2018-07-26 14:26:10,order-927,84,46,0,buy,15.0
1244,2018-07-26 14:26:11,order-928,84,46,0,buy,15.0
1245,2018-07-26 14:26:12,order-929,84,46,0,buy,15.0
1246,2018-07-26 14:26:13,order-930,84,46,0,buy,15.0
1247,2018-07-26 15:22:45,order-931,85,46,0,buy,580.27
1248,2018-07-26 15:55:37,review-306,0,77,5,rate,1.0
1249,2018-07-27 18:52:00,review-315,139,88,3,rate,1.0
1250,2018-07-28 13:07:55,review-141,255,5,5,rate,1.0
1251,2018-07-29 05:12:33,order-932,84,46,0,buy,15.0
1252,2018-07-29 05:12:34,order-933,84,46,0,buy,15.0
1253,2018-08-01 04:48:39,review-176,84,46,5,rate,1.0
1254,2018-08-01 04:49:23,review-284,85,46,5,rate,1.0
1255,2018-08-04 02:55:39,review-271,84,46,5,rate,1.0
1256,2018-08-07 09:03:03,order-934,272,0,0,buy,170.0
1257,2018-08-07 09:03:04,order-935,272,0,0,buy,170.0
1258,2018-08-07 09:03:05,order-936,272,0,0,buy,170.0
1259,2018-08-07 09:03:06,order-937,272,0,0,buy,170.0
1260,2018-08-07 09:03:07,order-938,272,0,0,buy,170.0
1261,2018-08-07 09:03:08,order-939,272,0,0,buy,170.0
1262,2018-08-07 16:35:36,order-940,272,0,0,buy,170.0
1263,2018-08-07 16:35:37,order-941,272,0,0,buy,170.0
1264,2018-08-07 16:35:38,order-942,272,0,0,buy,170.0
1265,2018-08-07 16:35:39,order-943,272,0,0,buy,170.0
1266,2018-08-07 16:35:40,order-944,272,0,0,buy,170.0
1267,2018-08-07 16:35:41,order-945,272,0,0,buy,170.0
1268,2018-08-07 23:32:15,order-946,252,5,0,buy,26.99
1269,2018-08-08 14:24:25,order-947,272,0,0,buy,170.0
1270,2018-08-08 14:24:26,order-948,272,0,0,buy,170.0
1271,2018-08-08 14:24:27,order-949,272,0,0,buy,170.0
1272,2018-08-08 14:24:28,order-950,272,0,0,buy,170.0
1273,2018-08-08 14:24:29,order-951,272,0,0,buy,170.0
1274,2018-08-08 14:24:30,order-952,272,0,0,buy,170.0
1275,2018-08-08 14:27:16,order-953,272,0,0,buy,170.0
1276,2018-08-08 14:27:17,order-954,272,0,0,buy,170.0
1277,2018-08-08 14:27:18,order-955,272,0,0,buy,170.0
1278,2018-08-08 14:27:19,order-956,272,0,0,buy,170.0
1279,2018-08-08 14:27:20,order-957,272,0,0,buy,170.0
1280,2018-08-08 14:27:21,order-958,272,0,0,buy,170.0
1281,2018-08-12 02:11:21,order-959,92,40,0,buy,309.0
1282,2018-08-12 02:11:22,order-960,93,40,0,buy,33.9
1283,2018-08-12 02:11:23,order-961,94,40,0,buy,159.0
1284,2018-08-12 02:11:24,order-962,94,40,0,buy,159.0
1285,2018-08-12 02:11:25,order-963,95,40,0,buy,95.9
1286,2018-08-12 02:11:26,order-964,96,40,0,buy,109.9
1287,2018-08-12 02:11:27,order-965,98,40,0,buy,95.9
1288,2018-08-12 02:11:28,order-966,99,40,0,buy,63.7
1289,2018-08-12 02:11:29,order-967,100,40,0,buy,56.0
1290,2018-08-12 02:11:30,order-968,100,40,0,buy,56.0
1291,2018-08-12 22:47:48,review-152,252,5,5,rate,1.0
1292,2018-08-13 11:34:52,review-1,220,28,4,rate,1.0
1293,2018-08-13 12:13:41,order-969,101,83,0,buy,16.8
1294,2018-08-13 12:13:42,order-970,91,83,0,buy,29.9
1295,2018-08-13 12:13:43,order-971,101,83,0,buy,16.8
1296,2018-08-13 12:13:44,order-972,101,83,0,buy,16.8
1297,2018-08-13 12:13:45,order-973,101,83,0,buy,16.8
1298,2018-08-13 12:13:46,order-974,91,83,0,buy,29.9
1299,2018-08-13 12:31:57,order-975,134,83,0,buy,120.0
1300,2018-08-14 01:19:58,review-4,208,72,1,rate,1.0
1301,2018-08-14 01:20:00,review-5,207,72,1,rate,1.0
1302,2018-08-14 01:20:01,review-6,206,72,1,rate,1.0
1303,2018-08-16 04:29:54,order-976,132,92,0,buy,45.0
1304,2018-08-16 04:29:55,order-977,138,92,0,buy,18.9
1305,2018-08-16 04:29:56,order-978,137,92,0,buy,39.0
1306,2018-08-16 04:29:57,order-979,129,92,0,buy,24.99
1307,2018-08-16 04:29:58,order-980,131,92,0,buy,20.9
1308,2018-08-16 04:29:59,order-981,133,92,0,buy,18.9
1309,2018-08-16 04:30:00,order-982,135,92,0,buy,18.9
1310,2018-08-17 11:50:15,review-316,272,0,4,rate,1.0
1311,2018-08-18 12:39:20,order-983,267,5,0,buy,72.9
1312,2018-08-18 22:36:33,review-228,132,92,1,rate,1.0
1313,2018-08-18 22:36:34,review-229,138,92,1,rate,1.0
1314,2018-08-18 22:36:35,review-230,137,92,1,rate,1.0
1315,2018-08-18 22:36:36,review-231,129,92,1,rate,1.0
1316,2018-08-18 22:36:37,review-232,131,92,1,rate,1.0
1317,2018-08-18 22:36:38,review-233,133,92,1,rate,1.0
1318,2018-08-18 22:36:39,review-234,135,92,1,rate,1.0
1319,2018-08-20 19:14:27,order-984,109,5,0,buy,23.4
1320,2018-08-22 21:05:09,review-320,101,83,5,rate,1.0
1321,2018-08-22 21:05:10,review-321,91,83,5,rate,1.0
1322,2018-08-22 22:10:34,review-186,272,0,4,rate,1.0
1323,2018-08-22 22:10:51,review-43,272,0,4,rate,1.0
1324,2018-08-22 22:11:10,review-245,272,0,4,rate,1.0
1325,2018-08-23 00:07:27,order-985,282,22,0,buy,70.97
1326,2018-08-24 17:07:05,review-274,92,40,3,rate,1.0
1327,2018-08-24 17:07:06,review-275,93,40,3,rate,1.0
1328,2018-08-24 17:07:07,review-276,94,40,3,rate,1.0
1329,2018-08-24 17:07:09,review-277,95,40,3,rate,1.0
1330,2018-08-24 17:07:10,review-278,96,40,3,rate,1.0
1331,2018-08-24 17:07:11,review-279,98,40,3,rate,1.0
1332,2018-08-24 17:07:12,review-280,99,40,3,rate,1.0
1333,2018-08-24 17:07:13,review-281,100,40,3,rate,1.0
1334,2018-08-25 19:35:05,review-253,109,5,5,rate,1.0
1335,2018-08-26 00:50:03,review-292,134,83,5,rate,1.0
1336,2018-08-26 02:05:08,review-126,267,5,5,rate,1.0
1337,2018-08-29 20:47:29,review-189,282,22,5,rate,1.0
1338,2024-11-12 19:56:53,review-1338,105,0,0,view,1
1339,2024-11-12 19:57:10,review-1339,4,1,0,view,1
1340,2024-11-12 19:59:49,review-1340,1,0,0,view,1
1341,2024-11-12 19:59:54,order-1341,4,0,0,buy,378.0
1342,2024-11-12 19:59:59,review-1342,0,0,0,view,1
1343,2024-11-12 20:00:04,review-1343,8,0,0,view,1
1344,2024-11-12 20:00:28,order-1344,8,0,0,buy,64.9
1345,2024-11-12 20:00:32,review-1345,8,0,0,view,1
1346,2024-11-12 20:03:52,review-1346,0,0,0,view,1
1347,2024-11-12 20:04:23,order-1347,4,0,0,buy,378.0
1348,2024-11-12 20:04:26,order-1348,5,0,0,buy,199.9
1349,2024-11-12 20:04:33,review-1349,4,0,0,view,1
1350,2024-11-12 20:04:36,review-1350,4,0,0,like,1
1351,2024-11-12 20:04:37,order-1351,4,0,0,buy,378.0
1352,2024-11-12 20:04:44,review-1352,4,0,0,like,1
1353,2024-11-12 20:04:56,order-1353,4,2,0,buy,378.0
1354,2024-11-12 20:05:00,order-1354,5,2,0,buy,199.9
1355,2024-11-12 20:05:03,order-1355,3,2,0,buy,98.7
1356,2024-11-12 20:06:13,review-1356,4,0,0,view,1
1357,2024-11-12 20:06:14,review-1357,4,0,0,like,1
1358,2024-11-12 20:06:15,review-1358,4,0,5,rate,1
1359,2024-11-12 20:06:16,order-1359,4,0,0,buy,378.0
1360,2024-11-12 20:06:19,review-1360,4,0,0,like,1
1361,2024-11-12 20:07:14,review-1361,2,0,0,view,1
1362,2024-11-12 20:07:17,order-1362,2,0,0,buy,129.9
1363,2024-11-12 20:07:20,order-1363,2,0,0,buy,129.9
1364,2024-11-12 20:07:23,order-1364,2,0,0,buy,129.9
1365,2024-11-12 20:07:29,order-1365,4,0,0,buy,378.0
1366,2024-11-12 20:07:33,order-1366,5,0,0,buy,199.9
1367,2024-11-12 20:07:36,order-1367,3,0,0,buy,98.7
1368,2024-11-12 20:07:42,review-1368,1,0,0,view,1
1369,2024-11-12 20:07:44,order-1369,1,0,0,buy,190.0
1370,2024-11-12 20:07:52,order-1370,76,0,0,buy,189.0
1371,2024-11-12 20:08:04,review-1371,8,0,0,view,1
1372,2024-11-12 20:08:05,order-1372,8,0,0,buy,64.9
1373,2024-11-12 20:08:17,order-1373,5,1,0,buy,199.9
1374,2024-11-12 20:08:21,order-1374,3,1,0,buy,98.7
1375,2024-11-12 20:08:25,order-1375,4,1,0,buy,378.0
1376,2024-11-12 20:08:41,order-1376,4,5,0,buy,378.0
1377,2024-11-12 20:08:45,order-1377,5,5,0,buy,199.9
1378,2024-11-13 13:52:30,review-1378,0,15,0,like,1
1379,2024-11-13 13:52:31,review-1379,1,15,0,like,1
1380,2024-11-13 13:52:32,review-1380,2,15,0,like,1
1381,2024-11-13 13:52:33,review-1381,3,15,0,like,1
1382,2024-11-13 13:52:34,review-1382,7,15,0,like,1
1383,2024-11-13 13:52:35,review-1383,6,15,0,like,1
1384,2024-11-13 13:52:36,review-1384,5,15,0,like,1
1385,2024-11-13 13:52:37,review-1385,4,15,0,like,1
1386,2024-11-13 13:52:39,review-1386,8,15,0,like,1
1387,2024-11-13 13:52:40,review-1387,9,15,0,like,1
1388,2024-11-13 13:52:47,review-1388,10,15,0,like,1
1389,2024-11-13 13:52:48,review-1389,11,15,0,like,1
1390,2024-11-13 13:52:50,review-1390,12,15,0,like,1
1391,2024-11-13 13:52:51,review-1391,13,15,0,like,1
1392,2024-11-13 13:52:52,review-1392,14,15,0,like,1
1393,2024-11-13 13:52:59,review-1393,109,0,0,view,1
1394,2024-11-13 13:53:03,review-1394,109,0,0,view,1
1395,2024-11-13 13:53:14,review-1395,139,15,5,rate,1
1396,2024-11-13 13:53:15,review-1396,139,15,0,like,1
1397,2024-11-13 13:53:16,order-1397,139,15,0,buy,59.8
1398,2024-11-13 13:53:19,order-1398,139,15,0,buy,59.8
1399,2024-11-13 13:53:20,order-1399,139,15,0,buy,59.8
1400,2024-11-13 13:55:00,order-1400,139,15,0,buy,59.8
1401,2024-11-13 13:55:17,order-1401,139,15,0,buy,59.8
1402,2024-11-13 13:55:19,order-1402,139,15,0,buy,59.8
1403,2024-11-13 13:55:43,review-1403,272,15,5,rate,1
1404,2024-11-13 13:55:44,review-1404,272,15,0,like,1
1405,2024-11-13 13:55:45,order-1405,272,15,0,buy,170.0
1406,2024-11-13 13:56:30,review-1406,111,15,5,rate,1
1407,2024-11-13 13:56:31,review-1407,111,15,0,like,1
1408,2024-11-13 13:56:32,order-1408,111,15,0,buy,20.5
1409,2024-11-13 13:56:36,order-1409,111,15,0,buy,20.5
1410,2024-11-13 13:56:37,order-1410,111,15,0,buy,20.5
1411,2024-11-13 13:56:38,order-1411,111,15,0,buy,20.5
1412,2024-11-13 13:56:38,order-1412,111,15,0,buy,20.5
1413,2024-11-13 13:56:39,order-1413,111,15,0,buy,20.5
1414,2024-11-13 13:57:11,review-1414,0,0,0,view,1
1415,2024-11-13 13:57:17,review-1415,0,15,5,rate,1
1416,2024-11-13 13:57:19,order-1416,0,15,0,buy,35.0
1417,2024-11-13 13:57:21,order-1417,0,15,0,buy,35.0
1418,2024-11-13 13:57:22,order-1418,0,15,0,buy,35.0
1419,2024-11-13 13:57:29,review-1419,0,15,1,rate,1
1420,2024-11-13 13:57:31,order-1420,0,15,0,buy,35.0
1421,2024-11-13 13:57:35,review-1421,0,15,1,rate,1
1422,2024-11-13 13:57:46,review-1422,0,15,1,rate,1
1423,2024-11-13 13:57:49,review-1423,0,15,1,rate,1
1424,2024-11-13 13:57:49,review-1424,0,15,1,rate,1
1425,2024-11-13 13:57:49,review-1425,0,15,1,rate,1
1426,2024-11-13 15:30:30,review-1426,0,0,0,view,1
